County,Township,Label
Shelby County,Prairie,
Crawford County,Prairie,
Hancock County,Prairie,
Edgar County,Prairie,
Shelby County,Richland,In the Pipeline
La Salle County,Richland,In the Pipeline
Marshall County,Richland,In the Pipeline
Shelby County,Ridge,
Shelby County,Rose,
Shelby County,Rural,In the Pipeline
Rock Island County,Rural,In the Pipeline
Crawford County,Oblong,
Shelby County,Prairie,
Crawford County,Prairie,
Hancock County,Prairie,
Edgar County,Prairie,
Crawford County,Martin,Current Clients
Crawford County,Martin,Current Clients
McLean County,Martin,Current Clients
McLean County,Martin,Current Clients
Shelby County,Shelbyville,
Shelby County,Sigel,
Shelby County,Tower Hill,
Moultrie County,Marrowbone,
Monroe County,12,
Moultrie County,Lovington,
Peoria County,Peoria City,
Moultrie County,Whitley,
Sangamon County,Auburn,In the Pipeline
Clark County,Auburn,In the Pipeline
Sangamon County,Ball,In the Pipeline
Sangamon County,Ball,In the Pipeline
Sangamon County,Buffalo Hart,In the Pipeline
Sangamon County,Buffalo Hart,In the Pipeline
Sangamon County,Capital,In the Pipeline
Sangamon County,Capital,In the Pipeline
Sangamon County,Cartwright,In the Pipeline
Sangamon County,Chatham,In the Pipeline
Sangamon County,Cooper,
Sangamon County,Lanesville,In the Pipeline
Sangamon County,Lanesville,In the Pipeline
Sangamon County,Divernon,In the Pipeline
Sangamon County,Divernon,In the Pipeline
Sangamon County,Island Grove,In the Pipeline
Sangamon County,Loami,In the Pipeline
Sangamon County,Loami,In the Pipeline
Sangamon County,Maxwell,In the Pipeline
Sangamon County,Maxwell,In the Pipeline
Sangamon County,Mechanicsburg,In the Pipeline
Sangamon County,Mechanicsburg,In the Pipeline
Sangamon County,New Berlin,In the Pipeline
Sangamon County,Springfield,In the Pipeline
Sangamon County,Talkington,In the Pipeline
Sangamon County,Talkington,In the Pipeline
Sangamon County,Williams,In the Pipeline
Sangamon County,Williams,In the Pipeline
Sangamon County,Woodside,In the Pipeline
Sangamon County,Illiopolis,In the Pipeline
Sangamon County,Rochester,In the Pipeline
Warren County,Point Pleasant,
Warren County,Sumner,In the Pipeline
Kankakee County,Sumner,In the Pipeline
Warren County,Tompkins,
Effingham County,Bishop,
Effingham County,Douglas,
Clark County,Douglas,
Iroquois County,Douglas,
Effingham County,Jackson,
Will County,Jackson,
Effingham County,Lucas,
Effingham County,Mason,
Effingham County,Moccasin,
Effingham County,Mound,
McDonough County,Mound,
Effingham County,St. Francis,
Effingham County,Summit,
Effingham County,Teutopolis,
Effingham County,Union,
Cumberland County,Union,
Livingston County,Union,
Fulton County,Union,
Effingham County,Watson,
Woodford County,Kansas,
Edgar County,Kansas,
Effingham County,Liberty,
Adams County,Liberty,
Whiteside County,Clyde,In the Pipeline
Whiteside County,Jordan,In the Pipeline
Cass County,Chandlerville,
Cass County,Sangamon Valley,
Clinton County,Santa Fe,
Fulton County,Cass,
Iroquois County,Stockland,
Jasper County,Crooked Creek,
Cumberland County,Crooked Creek,
Greene County,Roodhouse,
Hancock County,Durham,
Greene County,Rubicon,
St. Clair County,Canteen,
St. Clair County,Engelmann,
St. Clair County,Freeburg,
St. Clair County,Lebanon,
Greene County,Wrights,
St. Clair County,Marissa,
Massac County,Washington,
Brown County,Lee,
Fulton County,Lee,
Brown County,Missouri,
Brown County,Mount Sterling,
Clark County,Darwin,
Mercer County,Mercer,
Mercer County,Millersburg,
Mercer County,New Boston,
Mercer County,Ohio Grove,
Mercer County,Perryton,
Mercer County,Preemption,
Brown County,Pea Ridge,
Brown County,Versailles,
Warren County,Berwick,
Clark County,Dolson,
Clark County,Johnson,
Christian County,Johnson,
Clark County,Marshall,
Clark County,Martinsville,
Hancock County,Bear Creek,
Christian County,Bear Creek,
Hancock County,Hancock,
Shelby County,Prairie,
Crawford County,Prairie,
Hancock County,Prairie,
Edgar County,Prairie,
Hancock County,St. Albans,
Hancock County,Walker,
Hancock County,Wythe,
Hancock County,La Harpe,
Randolph County,Walsh,
Franklin County,Frankfort,
Will County,Frankfort,
Coles County,Humboldt,
Coles County,Lafayette,Current Clients
Ogle County,Lafayette,Current Clients
Coles County,Mattoon,
Coles County,North Okaw,
Ford County,Brenton,
St. Clair County,New Athens,
St. Clair County,Prairie Du Long,
St. Clair County,Lenzburg,
St. Clair County,East St. Louis,
Ford County,Button,
Ford County,Dix,
Ford County,Mona,
Ford County,Patton,
Massac County,Metropolis No. 4,
Marshall County,Bell Plain,
Jackson County,Carbondale,
Jackson County,Degognia,
Jackson County,Makanda,
Franklin County,Barren,
Mercer County,Rivoli,
Mercer County,Suez,
Mercer County,Richland Grove,
Clinton County,St. Rose,
Lake County,Shields,Current Clients
Lake County,Wauconda,
Lake County,Waukegan,
Lake County,West Deerfield,In the Pipeline
Lake County,County subdivisions not defined,
Cook County,County subdivisions not defined,
Lake County,Fremont,
Clay County,Louisville,
Coles County,Paradise,
Clark County,Melrose,
Adams County,Melrose,
Clark County,Parker,
Clark County,Wabash,
Clark County,York,Current Clients
DuPage County,York,Current Clients
Carroll County,York,Current Clients
Coles County,Seven Hickory,
Edwards County,Bone Gap,
Edwards County,Ellery,
Edwards County,Salem No. 2,
Ford County,Peach Orchard,
Ford County,Pella,
Ford County,Rogers,
Ford County,Sullivant,
Ford County,Wall,
Franklin County,Ewing,
Franklin County,Six Mile,
Franklin County,Cave,
Lake County,Antioch,
Lake County,Avon,
Lake County,Cuba,
Lake County,Grant,
Vermilion County,Grant,
Jersey County,Ruyle,
Kendall County,Kendall,In the Pipeline
Kendall County,Kendall,In the Pipeline
Kendall County,Oswego,In the Pipeline
Kendall County,Oswego,In the Pipeline
Kendall County,Oswego,In the Pipeline
Clinton County,Breese,
Clinton County,Brookside,
Clinton County,East Fork,
Montgomery County,East Fork,
Clinton County,Irishtown,
Kankakee County,Salina,
Kankakee County,Yellowhead,
Montgomery County,Grisham,
Montgomery County,Harvel,
Christian County,Assumption,
Hancock County,Bear Creek,
Christian County,Bear Creek,
Lake County,Lake Villa,
Christian County,Buckhart,
Christian County,Greenwood,
McHenry County,Greenwood,
Menard County,Athens North No. 2,
Menard County,Athens South No. 1,
Lake County,Libertyville,
Lake County,Newport,
Franklin County,Browning,
Schuyler County,Browning,
Clinton County,Wade,
Jasper County,Wade,
Clinton County,Wheatfield,
Clinton County,Germantown,
Clinton County,Looking Glass,
Greene County,Carrollton,
Greene County,Patterson,
Greene County,Woodville,
Edwards County,Dixon,
Edwards County,Shelby No. 1,
Montgomery County,Hillsboro,
Montgomery County,Pitman,
Montgomery County,South Litchfield,
Montgomery County,Walshville,
Lake County,Benton,
Franklin County,Benton,
Lake County,Ela,
Clark County,Johnson,
Christian County,Johnson,
Christian County,Mosquito,
Christian County,Pana,
Christian County,Prairieton,
Christian County,Ricks,
Menard County,Atterberry No. 10,
Logan County,Atlanta,
Logan County,Broadwell,
Bureau County,Arispie,
Bureau County,Berlin,In the Pipeline
Bureau County,Berlin,In the Pipeline
Bureau County,Bureau,
Bureau County,Clarion,
Montgomery County,Witt,
Montgomery County,Zanesville,
Montgomery County,Bois D'Arc,
Montgomery County,Irving,
Montgomery County,Rountree,
Pope County,Eddyville No. 6,
Hamilton County,Beaver Creek,
Perry County,Du Quoin No. 3,
Perry County,Du Quoin No. 4,
Perry County,Du Quoin No. 5,
Perry County,Du Quoin No. 6,
Ford County,Drummer,
Logan County,Chester,
Logan County,Corwin,
Logan County,Eminence,
Logan County,Laenna,
Christian County,Rosamond,
Christian County,South Fork,
Christian County,Taylorville,
Christian County,King,
Menard County,Petersburg East No. 13,
Menard County,Petersburg North No. 14,
Woodford County,Cazenovia,
Bureau County,Concord,
Adams County,Concord,
Iroquois County,Concord,
Bureau County,Dover,
Bureau County,Greenville,
Menard County,Petersburg South No. 15,
Menard County,Rock Creek No. 12,
Madison County,Alton,In the Pipeline
Madison County,Edwardsville,In the Pipeline
Madison County,Granite City,In the Pipeline
Madison County,Jarvis,In the Pipeline
Pope County,Golconda No. 1,
Pope County,Golconda No. 3,
Pope County,Webster No. 5,
Woodford County,Greene,
Mercer County,Greene,
Woodford County,Linn,
Woodford County,Metamora,
Woodford County,Minonk,
Woodford County,Montgomery,
Crawford County,Montgomery,
Woodford County,Olio,
Perry County,Pinckneyville No. 3,
Perry County,Du Quoin No. 7,
Hamilton County,McLeansboro,
Hamilton County,South Crouch,
Perry County,Du Quoin No. 9,
Perry County,Du Quoin No. 10,
Perry County,Du Quoin No. 11,
Hancock County,Appanoose,
Edwards County,Albion No. 1,
Edwards County,Albion No. 2,
Edwards County,Albion No. 3,
Logan County,Lake Fork,
Logan County,Mount Pulaski,
Logan County,Sheridan,
Bureau County,Indiantown,
Bureau County,La Moille,
Bureau County,Leepertown,
Bureau County,Milo,
Hancock County,Augusta,
Hancock County,Chili,
Perry County,Du Quoin No. 1,
Perry County,Swanwick,
Perry County,Willisville,
Perry County,Du Quoin No. 12,
Bureau County,Princeton,
Hamilton County,South Twigg,
Hamilton County,Twigg,
Perry County,Pinckneyville No. 1,
Perry County,Pinckneyville No. 2,
Kane County,Plato,
Kane County,Rutland,In the Pipeline
La Salle County,Rutland,In the Pipeline
Kane County,Sugar Grove,
Kane County,Virgil,
Bureau County,Mineral,
Bureau County,Neponset,
Bureau County,Ohio,
Bureau County,Selby,
Moultrie County,Dora,
Perry County,Pinckneyville No. 4,
Perry County,Pinckneyville No. 5,
Perry County,Pinckneyville No. 6,
Perry County,Pinckneyville No. 7,
Moultrie County,East Nelson,
Moultrie County,Jonathan Creek,
Bureau County,Walnut,
Bureau County,Westfield,
Clark County,Westfield,
Bureau County,Wheatland,
Will County,Wheatland,
Fayette County,Wheatland,
Bureau County,Wyanet,
Montgomery County,Audubon,
Clinton County,East Fork,
Montgomery County,East Fork,
Perry County,Tamaroa No. 2,
Stephenson County,Ridott,
Henderson County,Biggsville,
Henderson County,Raritan,
Peoria County,Hallock,Current Clients
Peoria County,Hallock,Current Clients
Logan County,East Lincoln,
Logan County,Hurlbut,
Logan County,Oran,
Massac County,Georges Creek,
McHenry County,Algonquin,In the Pipeline
McDonough County,Lamoine,
Effingham County,Mound,
McDonough County,Mound,
McDonough County,New Salem,
Pike County,New Salem,
Pike County,Atlas,
Pike County,Barry,
McDonough County,Prairie City,
Pike County,Chambersburg,
McDonough County,Sciota,
McDonough County,Tennessee,
Livingston County,Waldo,
Pulaski County,Mounds,
McDonough County,Walnut Grove,In the Pipeline
Knox County,Walnut Grove,In the Pipeline
McLean County,Blue Mound,In the Pipeline
McLean County,Blue Mound,Current Clients
Macon County,Blue Mound,In the Pipeline
Macon County,Blue Mound,Current Clients
McLean County,Chenoa,
Pike County,Cincinnati,In the Pipeline
Tazewell County,Cincinnati,In the Pipeline
Pike County,Derry,
Pike County,Detroit,
Pike County,Fairmount,
Pike County,Griggsville,
Pike County,Hadley,
McLean County,Cropsey,Current Clients
McLean County,Danvers,Current Clients
McLean County,Dawson,Current Clients
Bond County,Mulberry Grove,
Bond County,Shoal Creek,
DuPage County,Lisle,In the Pipeline
DuPage County,Milton,
Mercer County,North Henderson,
DuPage County,Wayne,Current Clients
Clark County,York,Current Clients
DuPage County,York,Current Clients
Carroll County,York,Current Clients
Effingham County,Banner,
Fulton County,Banner,
Effingham County,West,Current Clients
McLean County,West,Current Clients
Marshall County,Lacon,
Pope County,Golconda No. 2,
Pope County,Jefferson No. 4,
Franklin County,Eastern,
Franklin County,Goode,
Franklin County,Northern,
Edwards County,Browns,
Edwards County,French Creek,
Edwards County,Salem No. 1,
McLean County,Dry Grove,Current Clients
McLean County,Funks Grove,Current Clients
Pike County,Hardin,
Pike County,Kinderhook,
Pike County,Newburg,
McDonough County,New Salem,
Pike County,New Salem,
Pike County,Pearl,
Pike County,Perry,
Ogle County,Taylor,Current Clients
Shelby County,Clarksburg,
Shelby County,Penn,
Stark County,Penn,
Shelby County,Todds Point,
McLean County,Gridley,Current Clients
McLean County,Lawndale,Current Clients
McLean County,Lawndale,Current Clients
McLean County,Lexington,Current Clients
Jasper County,Grandville,
Jasper County,Grove,
Jasper County,Hunt City,
Marshall County,Roberts,
Jasper County,North Muddy,
Jasper County,Ste. Marie,
Will County,Du Page,
Will County,Manhattan,
Adams County,Beverly,
Adams County,Burton,
McHenry County,Burton,
Menard County,Tallula No. 11,
Richland County,Claremont,
Richland County,Decker,
Richland County,Denver,
Richland County,Noble,
Adams County,Camp Point,
Woodford County,Kansas,
Edgar County,Kansas,
Pike County,Flint,
De Witt County,Nixon,
De Witt County,Waynesville,
Mercer County,Duncan,
Crawford County,Martin,Current Clients
Crawford County,Martin,Current Clients
McLean County,Martin,Current Clients
McLean County,Martin,Current Clients
McLean County,Money Creek,Current Clients
McLean County,Money Creek,Current Clients
McLean County,Mount Hope,Current Clients
McLean County,Old Town,Current Clients
McLean County,Old Town,Current Clients
Jasper County,South Muddy,
Clinton County,Wade,
Jasper County,Wade,
Mercer County,Keithsburg,
Jasper County,Willow Hill,
Gallatin County,Asbury,
Gallatin County,New Haven,
Schuyler County,Buena Vista,
Schuyler County,Woodstock,
Adams County,Columbus,
Bureau County,Concord,
Adams County,Concord,
Iroquois County,Concord,
Piatt County,Unity,
Putnam County,Granville,
Putnam County,Hennepin,
Adams County,Fall Creek,
Adams County,Honey Creek,
Crawford County,Honey Creek,
McLean County,Randolph,Current Clients
McLean County,Randolph,Current Clients
McLean County,Towanda,Current Clients
Effingham County,West,Current Clients
McLean County,West,Current Clients
McLean County,White Oak,Current Clients
McLean County,Yates,
Rock Island County,Andalusia,In the Pipeline
Rock Island County,Blackhawk,In the Pipeline
Rock Island County,Bowling,In the Pipeline
Rock Island County,Buffalo Prairie,In the Pipeline
Fayette County,Seminary,
Fayette County,South Hurricane,
Fayette County,Vandalia,
Fayette County,Avena,
Fayette County,Bear Grove,
Fayette County,Carson,
Fayette County,Loudon,
Fayette County,Pope,
Rock Island County,Canoe Creek,In the Pipeline
Rock Island County,Coe,In the Pipeline
Rock Island County,Cordova,In the Pipeline
Rock Island County,Drury,In the Pipeline
Rock Island County,Moline,In the Pipeline
Rock Island County,Port Byron,In the Pipeline
Rock Island County,Rock Island,
Bond County,Burgess,
Bond County,Central,
Ford County,Lyman,
Cook County,Bloom,
Cook County,Chicago,
DuPage County,Chicago,
Cook County,Elk Grove,In the Pipeline
Cook County,Leyden,
Cook County,Maine,In the Pipeline
Grundy County,Maine,In the Pipeline
Cook County,Rich,
Cook County,River Forest,
Cook County,Stickney,
Cook County,Worth,
Woodford County,Worth,
Shelby County,Rural,In the Pipeline
Rock Island County,Rural,In the Pipeline
Rock Island County,South Moline,In the Pipeline
Rock Island County,South Rock Island,In the Pipeline
Putnam County,Magnolia,
McHenry County,Alden,
Putnam County,Senachwine,
Hamilton County,Crouch,
Hamilton County,Dahlgren,
Hamilton County,Flannigan,
Hamilton County,Mayberry,
Hamilton County,South Flannigan,
Adams County,Houston,
Rock Island County,Hampton,In the Pipeline
Rock Island County,Zuma,In the Pipeline
Morgan County,Jacksonville No. 6,
Morgan County,Jacksonville No. 7,
Morgan County,Jacksonville No. 8,
Morgan County,Jacksonville No. 9,
Morgan County,Jacksonville No. 11,
Morgan County,Jacksonville No. 12,
Adams County,Keene,
Hancock County,Carthage,
Hancock County,Harmony,
Hancock County,Montebello,
Hancock County,Warsaw,
Hancock County,Fountain Green,
Bond County,Mills,
Bond County,Pleasant Mound,
White County,Burnt Prairie,
White County,Gray,
White County,Indian Creek,
White County,Phillips,
Madison County,Chouteau,In the Pipeline
Madison County,Collinsville,In the Pipeline
Madison County,Foster,In the Pipeline
Marion County,Foster,In the Pipeline
Madison County,Moro,In the Pipeline
Madison County,Nameoki,In the Pipeline
Madison County,Omphghent,In the Pipeline
Madison County,Saline,In the Pipeline
Madison County,Venice,In the Pipeline
Madison County,Venice,In the Pipeline
Morgan County,Literberry,
Massac County,Jefferson,
Effingham County,Liberty,
Adams County,Liberty,
Clark County,Melrose,
Adams County,Melrose,
Adams County,Payson,
Adams County,Riverside,
Cook County,Riverside,
Adams County,Quincy,
Adams County,McKee,
Adams County,Northeast,
Adams County,Richfield,
Greene County,Walkerville,
Washington County,Covington,
Washington County,Hoyleton,
Washington County,Venedy,
Morgan County,Waverly No. 2,
Massac County,Benton,
Massac County,Logan,Current Clients
Massac County,Metropolis No. 1,
Adams County,Honey Creek,
Crawford County,Honey Creek,
Wabash County,Bellmont,
Wabash County,Lick Prairie,
Bureau County,Westfield,
Clark County,Westfield,
Saline County,Carrier Mills,
Saline County,Mountain,
Saline County,Stonefort,
Morgan County,Woodson,
Coles County,Ashmore,
Coles County,East Oakland,
Coles County,Morgan,
St. Clair County,Caseyville,
St. Clair County,Fayetteville,
St. Clair County,Mascoutah,
St. Clair County,O'Fallon,
St. Clair County,Smithton,
St. Clair County,Sugar Loaf,
Coles County,Pleasant Grove,
Douglas County,Arcola,
Grundy County,Saratoga,
Marshall County,Saratoga,
Grundy County,Goose Lake,
St. Clair County,Stites,
Pulaski County,Karnak,
Pulaski County,Pulaski,
Pulaski County,Wetaug,
Piatt County,Cerro Gordo,
Piatt County,Blue Ridge,
Madison County,Helvetia,In the Pipeline
Edgar County,Brouilletts Creek,
Pulaski County,America,
Pulaski County,Mound City,
Pulaski County,Olmsted,
Pulaski County,Perks,
Vermilion County,Ross,
Edgar County,Ross,
Pike County,Ross,
Bureau County,Fairfield,In the Pipeline
Edgar County,Buck,
Edgar County,Edgar,
Edgar County,Elbridge,
Edgar County,Embarrass,
Wayne County,Big Mound,
Wayne County,Elm River,
Wayne County,Leech,
Knox County,Galesburg City,In the Pipeline
Edgar County,Grandview,
Edgar County,Hunter,
Edgar County,Paris,
McDonough County,Walnut Grove,In the Pipeline
Knox County,Walnut Grove,In the Pipeline
Henderson County,Bald Bluff,
Shelby County,Prairie,
Crawford County,Prairie,
Hancock County,Prairie,
Edgar County,Prairie,
Vermilion County,Ross,
Edgar County,Ross,
Pike County,Ross,
Kane County,Burlington,
Kane County,Elgin,
Montgomery County,Fillmore Consolidated,
Shelby County,Holland,
Shelby County,Oconee,
Moultrie County,Lowe,
Crawford County,Licking,
Shelby County,Big Spring,
Shelby County,Cold Spring,
Shelby County,Dry Point,
Shelby County,Flat Branch,
Shelby County,Herrick,
Shelby County,Lakewood,
St. Clair County,Belleville,
Shelby County,Moweaqua,
Shelby County,Okaw,
Cook County,Evanston,
DuPage County,Addison,In the Pipeline
DuPage County,Downers Grove,Current Clients
DuPage County,Naperville,In the Pipeline
DuPage County,Winfield,
Edgar County,Shiloh,
Jefferson County,Shiloh,
Edgar County,Stratton,
Edgar County,Young America,
Cook County,Chicago,
DuPage County,Chicago,
Schuyler County,Bainbridge,
Schuyler County,Birmingham,
Rock Island County,Coal Valley,In the Pipeline
Pike County,Pittsfield,
Pike County,Pleasant Hill,
La Salle County,Adams,In the Pipeline
La Salle County,Ophir,In the Pipeline
Pike County,Pleasant Vale,
Vermilion County,Ross,
Edgar County,Ross,
Pike County,Ross,
Pike County,Spring Creek,
Monroe County,1,
Monroe County,6,
Monroe County,10,
Shelby County,Richland,In the Pipeline
La Salle County,Richland,In the Pipeline
Marshall County,Richland,In the Pipeline
Lee County,Amboy,
Jersey County,English,
Jersey County,Fidelity,
DuPage County,Bloomingdale,
Ogle County,Forreston,Current Clients
Schuyler County,Brooklyn,
Lee County,Brooklyn,
Franklin County,Browning,
Schuyler County,Browning,
Schuyler County,Camden,
Schuyler County,Frederick,
Schuyler County,Hickory,
Schuyler County,Huntsville,
Peoria County,Akron,Current Clients
Peoria County,Akron,Current Clients
Peoria County,Brimfield,Current Clients
Peoria County,Chillicothe,Current Clients
Peoria County,Elmwood,Current Clients
Peoria County,Elmwood,Current Clients
Peoria County,Hollis,Current Clients
Peoria County,Hollis,Current Clients
Peoria County,Jubilee,Current Clients
Peoria County,Jubilee,Current Clients
Peoria County,Limestone,Current Clients
Kankakee County,Limestone,Current Clients
Adams County,Clayton,
Woodford County,Clayton,
Adams County,Ellington,
Adams County,Gilmer,
Adams County,Lima,
Adams County,Mendon,
Adams County,Ursa,
Monroe County,37,
Monroe County,28,
Lee County,Bradford,
Schuyler County,Brooklyn,
Lee County,Brooklyn,
Lee County,Harmon,
Lee County,Lee Center,
Schuyler County,Rushville,
Warren County,Hale,
Warren County,Spring Grove,
Calhoun County,Belleview,
Calhoun County,Carlin,
Calhoun County,Crater,
Calhoun County,Gilead,
Calhoun County,Hamburg,
Perry County,Du Quoin No. 2,
Perry County,Beaucoup,
Perry County,Sunfield,
Perry County,Pinckneyville No. 8,
Perry County,Tamaroa No. 1,
Perry County,Cutler,
Peoria County,Logan,Current Clients
Peoria County,Millbrook,Current Clients
Peoria County,Millbrook,Current Clients
Peoria County,Princeville,Current Clients
Peoria County,Princeville,Current Clients
Peoria County,Radnor,Current Clients
Peoria County,Radnor,Current Clients
Peoria County,Richwoods,Current Clients
Peoria County,Richwoods,Current Clients
Peoria County,Rosefield,Current Clients
Peoria County,Rosefield,Current Clients
Peoria County,Timber,Current Clients
Peoria County,Timber,Current Clients
Kendall County,Lisbon,In the Pipeline
Kendall County,Lisbon,In the Pipeline
Kendall County,Lisbon,In the Pipeline
Lake County,Vernon,Current Clients
Mason County,Mason City,
Randolph County,Percy,
Tazewell County,Sand Prairie,In the Pipeline
Woodford County,Cruger,
Morgan County,Jacksonville No. 10,
Lee County,Wyoming,
Calhoun County,Hardin,
Schuyler County,Littleton,
Calhoun County,Richwood,
Will County,Lockport,
Will County,Wilton,
Will County,Channahon,
Will County,Crete,
Will County,Custer,
Will County,Florence,
Stephenson County,Florence,
Franklin County,Frankfort,
Will County,Frankfort,
Pike County,Martinsburg,
Peoria County,Trivoli,
Peoria County,West Peoria,Current Clients
Lee County,Nachusa,
McHenry County,Chemung,
Stark County,Osceola,
Williamson County,Carterville,
Williamson County,Creal Springs,
Williamson County,Herrin,
Williamson County,Stonefort,
Williamson County,Crab Orchard,
McHenry County,Dorr,
McHenry County,Dunham,
McHenry County,Grafton,
Christian County,Greenwood,
McHenry County,Greenwood,
McHenry County,Hebron,
Wayne County,Zif,
Union County,Jonesboro District 1,
Pike County,Levee,
Pike County,Montezuma,
Clay County,Clay City,
Livingston County,Nebraska,
Livingston County,Sunbury,
Will County,Green Garden,
Will County,Homer,Current Clients
Effingham County,Jackson,
Will County,Jackson,
Will County,Joliet,
Will County,Monee,
Will County,New Lenox,
Iroquois County,Ash Grove,
Shelby County,Ash Grove,
Iroquois County,Chebanse,
Bureau County,Concord,
Adams County,Concord,
Iroquois County,Concord,
Iroquois County,Danforth,
Iroquois County,Martinton,
Perry County,Du Quoin No. 8,
Williamson County,Corinth,
Williamson County,Southern,
Williamson County,Lake Creek,
McHenry County,McHenry,
McHenry County,Marengo,
McHenry County,Richmond,
Jasper County,Crooked Creek,
Cumberland County,Crooked Creek,
Cumberland County,Spring Point,
McHenry County,Riley,
McHenry County,Nunda,In the Pipeline
McHenry County,Seneca,
Clay County,Bible Grove,
Clay County,Blair,
Clay County,Oskaloosa,
Clay County,Pixley,
Moultrie County,Sullivan,
Livingston County,Sullivan,
Kankakee County,Otto,
Clay County,Songer,
Clay County,Stanford,
Clay County,Xenia,
Fulton County,Farmington,
Fulton County,Harris,
Fulton County,Isabel,
Fulton County,Waterford,
Tazewell County,Little Mackinaw,In the Pipeline
Montgomery County,Butler Grove,
Montgomery County,Nokomis,
Montgomery County,North Litchfield,
Montgomery County,Raymond,Current Clients
Montgomery County,Raymond,Current Clients
Champaign County,Raymond,Current Clients
Champaign County,Raymond,Current Clients
Kane County,Batavia,
Kane County,Big Rock,
Kane County,Blackberry,
Kane County,Campton,
Cumberland County,Cottonwood,
Cumberland County,Sumpter,
Cumberland County,Woodbury,
Cumberland County,Greenup,
Union County,Alto Pass,
Kane County,Dundee,In the Pipeline
Kane County,Geneva,Current Clients
Kane County,Hampshire,
Kane County,Kaneville,
Marion County,Centralia,
Marion County,Romine,
Marion County,Salem,In the Pipeline
Carroll County,Salem,In the Pipeline
Knox County,Salem,In the Pipeline
Marion County,Tonti,
La Salle County,Peru,In the Pipeline
La Salle County,Serena,In the Pipeline
Fulton County,Deerfield,
La Salle County,South Ottawa,In the Pipeline
La Salle County,Troy Grove,In the Pipeline
La Salle County,Utica,In the Pipeline
La Salle County,Wallace,In the Pipeline
La Salle County,Waltham,In the Pipeline
La Salle County,Waltham,In the Pipeline
Jo Daviess County,East Galena,
Sangamon County,Pawnee,In the Pipeline
Kankakee County,Essex,
Stark County,Essex,
Kankakee County,Ganeer,
Kankakee County,Kankakee,
Peoria County,Limestone,Current Clients
Kankakee County,Limestone,Current Clients
Kankakee County,Manteno,
Kankakee County,Momence,
Kankakee County,Norton,
Randolph County,Brewerville,
Randolph County,Kaskaskia,
Randolph County,Rockwood,
Randolph County,Wine Hill,
Douglas County,Bourbon,
Scott County,Alsey,
Scott County,Bloomfield,
Johnson County,Bloomfield,
Scott County,Glasgow,
Scott County,Manchester,In the Pipeline
Douglas County,Bowdre,
Douglas County,Camargo,
Douglas County,Garrett,
Douglas County,Murdock,
Douglas County,Newman,
Douglas County,Sargent,
Douglas County,Tuscola,
Christian County,Stonington,
Jefferson County,Bald Hill,
Jefferson County,Blissville,
Jefferson County,Casner,
Jefferson County,Dodds,
Jefferson County,Elk Prairie,
Jefferson County,Farrington,
Jefferson County,Field,
Jefferson County,Grand Prairie,
Scott County,Merritt,
Scott County,Naples-Bluffs,
Scott County,Winchester No. 1,
Scott County,Winchester No. 2,
Jefferson County,McClellan,
Jefferson County,Moores Prairie,
Jefferson County,Mount Vernon,
Jefferson County,Pendleton,
Jefferson County,Rome,
Edgar County,Shiloh,
Jefferson County,Shiloh,
Jefferson County,Spring Garden,
Jefferson County,Webber,
Randolph County,Central,
Randolph County,Coulterville,
Randolph County,Palestine,
Randolph County,Steeleville,
Randolph County,Tilden,
Randolph County,Baldwin,
Randolph County,Ellis Grove,
McLean County,Blue Mound,In the Pipeline
McLean County,Blue Mound,Current Clients
Macon County,Blue Mound,In the Pipeline
Macon County,Blue Mound,Current Clients
Macon County,Decatur,In the Pipeline
Scott County,Winchester No. 3,
Woodford County,El Paso,
Jo Daviess County,Menominee,
Jo Daviess County,Nora,
Macon County,Friends Creek,In the Pipeline
Macon County,Friends Creek,In the Pipeline
Macon County,Harristown,In the Pipeline
Macon County,Hickory Point,In the Pipeline
Macon County,Long Creek,In the Pipeline
Macon County,Long Creek,In the Pipeline
Macon County,Maroa,In the Pipeline
Macon County,Mount Zion,In the Pipeline
La Salle County,Deer Park,In the Pipeline
La Salle County,Groveland,In the Pipeline
La Salle County,Groveland,In the Pipeline
Tazewell County,Groveland,In the Pipeline
Tazewell County,Groveland,In the Pipeline
La Salle County,Vermillion,
Jo Daviess County,Pleasant Valley,
Jo Daviess County,Rawlins,
Sangamon County,Clear Lake,In the Pipeline
Sangamon County,Clear Lake,In the Pipeline
Sangamon County,Curran,In the Pipeline
Sangamon County,Gardner,In the Pipeline
Ogle County,Brookville,Current Clients
Jo Daviess County,Rice,
Jo Daviess County,Rush,
Jo Daviess County,Scales Mound,
Macon County,Niantic,In the Pipeline
Macon County,Oakley,In the Pipeline
Macon County,Oakley,In the Pipeline
Macon County,South Wheatland,
Macon County,Whitmore,In the Pipeline
Jo Daviess County,Thompson,
Jo Daviess County,Wards Grove,
Jo Daviess County,Warren,
Lake County,Warren,
Jo Daviess County,West Galena,
Jo Daviess County,Woodbine,
Jo Daviess County,Vinegar Hill,
Union County,Union,
Gallatin County,Eagle Creek,
Gallatin County,Equality,
Gallatin County,Gold Hill,
Gallatin County,North Fork,
Cass County,Arenzville,
Cass County,Ashland,
Cass County,Beardstown,
Gallatin County,Omaha,
Gallatin County,Ridgway,
Gallatin County,Shawnee,
Morgan County,Jacksonville No. 2,
Lawrence County,Christy,
Lawrence County,Lukin,
Cass County,Hagener,
Cass County,Newmansville,
Cass County,Panther Creek,
Cass County,Philadelphia,
Cass County,Virginia,
Morgan County,Pisgah,
Ogle County,Buffalo,Current Clients
Ogle County,Byron,Current Clients
Ogle County,Dement,Current Clients
Ogle County,Eagle Point,Current Clients
Ogle County,Flagg,Current Clients
Ogle County,Grand Detour,Current Clients
Coles County,Lafayette,Current Clients
Ogle County,Lafayette,Current Clients
Ogle County,Leaf River,Current Clients
Ogle County,Lincoln,Current Clients
Ogle County,Lynnville,Current Clients
Ogle County,Marion,Current Clients
Ogle County,Marion,Current Clients
Lee County,Marion,Current Clients
Lee County,Marion,Current Clients
Ogle County,Maryland,Current Clients
Ogle County,Maryland,Current Clients
Ogle County,Monroe,Current Clients
Ogle County,Mount Morris,Current Clients
Ogle County,Oregon-Nashua,Current Clients
Ogle County,Pine Rock,Current Clients
Morgan County,Alexander,
Morgan County,Arcadia,
Morgan County,Jacksonville No. 1,
Morgan County,Jacksonville No. 3,
Morgan County,Jacksonville No. 4,
Ogle County,Rockvale,Current Clients
Ogle County,Rockvale,Current Clients
Ogle County,White Rock,Current Clients
Ogle County,White Rock,Current Clients
Ogle County,Woosung,Current Clients
Lawrence County,Allison,
Lawrence County,Russell,
Lawrence County,Bridgeport,
DeKalb County,Shabbona,
DeKalb County,Somonauk,
Union County,Anna District 1,
Union County,Anna District 2,
Union County,Anna District 3,
Union County,Anna District 6,
Stark County,Elmira,
Cumberland County,Neoga,
Effingham County,Union,
Cumberland County,Union,
Livingston County,Union,
Fulton County,Union,
Champaign County,Ayers,Current Clients
Alexander County,Cache,
Johnson County,Cache,
Christian County,Locust,
Ogle County,Scott,Current Clients
Ogle County,Scott,Current Clients
Champaign County,Scott,Current Clients
Champaign County,Scott,Current Clients
Jackson County,Ora,
DeKalb County,Afton,
DeKalb County,Clinton,
DeKalb County,Cortland,
DeKalb County,DeKalb,
Bureau County,Hall,
Bureau County,Macon,
DeKalb County,Franklin,
DeKalb County,Genoa,
DeKalb County,Kingston,
DeKalb County,Malta,
DeKalb County,Mayfield,
DeKalb County,Milan,
DeKalb County,Paw Paw,
DeKalb County,Pierce,
DeKalb County,Sandwich,
DeKalb County,South Grove,
DeKalb County,Sycamore,
Clinton County,Sugar Creek,
Carroll County,Freedom,In the Pipeline
La Salle County,Freedom,In the Pipeline
Madison County,Foster,In the Pipeline
Marion County,Foster,In the Pipeline
Morgan County,Waverly No. 1,
Marion County,Stevenson,
McLean County,Bloomington,Current Clients
McLean County,Bloomington City,Current Clients
McLean County,Cheney's Grove,Current Clients
McLean County,Cheney's Grove,Current Clients
McLean County,Empire,Current Clients
McLean County,Hudson,Current Clients
Morgan County,Franklin,
Massac County,Franklin,
Morgan County,Jacksonville No. 5,
Marion County,Carrigan,
Marion County,Haines,
Marion County,Meacham,
Marion County,Raccoon,
Hancock County,Rocky Run-Wilcox,
Sangamon County,Cotton Hill,In the Pipeline
Sangamon County,Cotton Hill,In the Pipeline
Sangamon County,Fancy Creek,In the Pipeline
Sangamon County,Fancy Creek,In the Pipeline
Mason County,Crane Creek,
Mason County,Kilbourne,
Mason County,Salt Creek,
Mason County,Sherman,
Champaign County,Colfax,Current Clients
Champaign County,Compromise,Current Clients
Champaign County,Compromise,Current Clients
Marshall County,Evans,
Champaign County,Condit,Current Clients
Champaign County,Condit,Current Clients
Champaign County,Crittenden,Current Clients
Champaign County,Crittenden,Current Clients
Champaign County,Ogden,Current Clients
Champaign County,Pesotum,Current Clients
Hardin County,Rosiclare,
Marshall County,La Prairie,
Shelby County,Richland,In the Pipeline
La Salle County,Richland,In the Pipeline
Marshall County,Richland,In the Pipeline
Grundy County,Saratoga,
Marshall County,Saratoga,
Champaign County,Philo,Current Clients
Champaign County,Stanton,Current Clients
Champaign County,Stanton,Current Clients
Champaign County,Tolono,Current Clients
Marshall County,Whitefield,
Marion County,Iuka,
Livingston County,Amity,
Livingston County,Germanville,
McDonough County,Blandinsville,
McDonough County,Chalmers,
McDonough County,Emmet,
McDonough County,Macomb,
McDonough County,Macomb City,
Champaign County,East Bend,Current Clients
Champaign County,Harwood,Current Clients
Champaign County,Kerr,Current Clients
Champaign County,Mahomet,Current Clients
Champaign County,Newcomb,Current Clients
Champaign County,Newcomb,Current Clients
Montgomery County,Raymond,Current Clients
Montgomery County,Raymond,Current Clients
Champaign County,Raymond,Current Clients
Champaign County,Raymond,Current Clients
McDonough County,Scotland,
Sangamon County,Auburn,In the Pipeline
Clark County,Auburn,In the Pipeline
Champaign County,Sadorus,Current Clients
Ogle County,Scott,Current Clients
Ogle County,Scott,Current Clients
Champaign County,Scott,Current Clients
Champaign County,Scott,Current Clients
Champaign County,Sidney,Current Clients
Champaign County,South Homer,Current Clients
Hardin County,Rock,
Macon County,Illini,In the Pipeline
Champaign County,Champaign,Current Clients
Champaign County,Champaign City,Current Clients
Champaign County,Cunningham,Current Clients
Whiteside County,Mount Pleasant,In the Pipeline
Whiteside County,Mount Pleasant,In the Pipeline
Tazewell County,Dillon,In the Pipeline
Tazewell County,Hopedale,In the Pipeline
Champaign County,Hensley,Current Clients
Champaign County,Ludlow,Current Clients
Champaign County,Ludlow,Current Clients
Champaign County,Rantoul,Current Clients
Champaign County,St. Joseph,Current Clients
Champaign County,Somer,Current Clients
Champaign County,Somer,Current Clients
Champaign County,Urbana,Current Clients
La Salle County,Bruce,In the Pipeline
Carroll County,Freedom,In the Pipeline
La Salle County,Freedom,In the Pipeline
Saline County,East Eldorado,
Saline County,Galatia,
Carroll County,Woodland,
Fulton County,Woodland,
Kane County,Rutland,In the Pipeline
La Salle County,Rutland,In the Pipeline
Saline County,Harrisburg,
Alexander County,Thebes,
Macoupin County,South Palmyra,
Macoupin County,Cahokia,
Macoupin County,South Otter,
Macoupin County,Chesterfield,
Macoupin County,Gillespie,
Macoupin County,Dorchester,
Macoupin County,Barr,
Jasper County,Smallwood,
Macon County,Pleasant View,In the Pipeline
Macon County,Pleasant View,In the Pipeline
Stephenson County,Lancaster,
Stephenson County,Silver Creek,
Saline County,Independence,
Saline County,Long Branch,
Saline County,Raleigh,
Saline County,Rector,
Saline County,Tate,
Christian County,Mount Auburn,
Williamson County,Blairsville,
Williamson County,East Marion,
Williamson County,Grassy,
Williamson County,West Marion,
Henderson County,Rozetta,
Vermilion County,Elwood,
Knox County,Galesburg,In the Pipeline
Knox County,Henderson,In the Pipeline
Knox County,Orange,In the Pipeline
Clark County,Orange,In the Pipeline
Menard County,Greenview No. 6,
Menard County,Oakford No. 9,
Menard County,Sandridge No. 8,
Kankakee County,Essex,
Stark County,Essex,
Stark County,Goshen,
Logan County,Aetna,
Logan County,Elkhart,
Logan County,Orvil,
Logan County,Prairie Creek,
Logan County,West Lincoln,
Pulaski County,Grand Chain,
Pulaski County,Ullin,
Pulaski County,Villa Ridge,
Scott County,Exeter-Bluffs,
Christian County,May,
Lee County,May,
Carroll County,Wysox,
Greene County,Kane,
Greene County,Rockbridge,
Greene County,White Hall,
Johnson County,Belknap,
Alexander County,Cache,
Johnson County,Cache,
Johnson County,Goreville No. 2,
Johnson County,Tunnel Hill,
Whiteside County,Erie,In the Pipeline
Whiteside County,Lyndon,In the Pipeline
Shelby County,Penn,
Stark County,Penn,
Stark County,West Jersey,
Vermilion County,Blount,
Vermilion County,Butler,
Vermilion County,Carroll,
Vermilion County,Catlin,
Whiteside County,Newton,In the Pipeline
Whiteside County,Portland,In the Pipeline
Union County,Dongola District 1,
Washington County,Ashley,
Washington County,Beaucoup,
Washington County,Bolo,
Washington County,Du Bois,
Washington County,Irvington,
Livingston County,Avoca,
Livingston County,Belle Prairie,
Livingston County,Broughton,
Livingston County,Charlotte,
Livingston County,Chatsworth,
Livingston County,Dwight,
Henry County,Galva,
Randolph County,Bremen,
Randolph County,Chester,
Randolph County,Evansville,
Randolph County,Prairie du Rocher,
Randolph County,Red Bud,
Randolph County,Ruma,
Randolph County,Sparta,In the Pipeline
Vermilion County,Danville,
Vermilion County,Georgetown,
Lake County,Grant,
Vermilion County,Grant,
Washington County,Johannisburg,
Washington County,Lively Grove,
Washington County,Nashville,
Washington County,Pilot Knob,
Washington County,Plum Hill,
Boone County,LeRoy,In the Pipeline
Boone County,Manchester,In the Pipeline
Boone County,Poplar Grove,In the Pipeline
Vermilion County,Love,
Vermilion County,McKendree,
Vermilion County,Middlefork,
Washington County,Richview,
Livingston County,Eppards Point,
Livingston County,Esmen,
Boone County,Spring,In the Pipeline
Carroll County,Cherry Grove-Shannon,
Carroll County,Fairhaven,
Livingston County,Fayette,
Livingston County,Forrest,
Livingston County,Indian Grove,
Livingston County,Long Point,
Livingston County,Nevada,
Livingston County,Newtown,
Livingston County,Odell,
Carroll County,Mount Carroll,
Clark County,Casey,
White County,Emma,
White County,Hawthorne,
White County,Mill Shoals,
Carroll County,Rock Creek-Lima,
Marion County,Salem,In the Pipeline
Carroll County,Salem,In the Pipeline
Knox County,Salem,In the Pipeline
Carroll County,Savanna,
Carroll County,Washington,
Will County,Washington,
Tazewell County,Washington,
Clark County,York,Current Clients
DuPage County,York,Current Clients
Carroll County,York,Current Clients
Vermilion County,Newell,
Vermilion County,Oakwood,
Vermilion County,Pilot,
Kankakee County,Pilot,
Livingston County,Owego,
Livingston County,Pike,
Livingston County,Pleasant Ridge,
Livingston County,Pontiac,
Livingston County,Reading,
Livingston County,Round Grove,
Henry County,Andover,
Henry County,Western,In the Pipeline
Vermilion County,Sidell,
Vermilion County,South Ross,
Fayette County,Bowling Green,
Fayette County,Kaskaskia,
Fayette County,Sharon,
Livingston County,Saunemin,
Moultrie County,Sullivan,
Livingston County,Sullivan,
Effingham County,Union,
Cumberland County,Union,
Livingston County,Union,
Fulton County,Union,
Union County,Balcom,
Union County,Cobden District 1,
Hardin County,Cave-In-Rock,
Hardin County,McFarlan,
Hardin County,Monroe,Current Clients
Union County,Cobden District 2,
Union County,Dongola District 2,
Vermilion County,Vance,
Knox County,Cedar,In the Pipeline
Knox County,Chestnut,In the Pipeline
Knox County,Copley,In the Pipeline
Knox County,Elba,In the Pipeline
Knox County,Haw Creek,In the Pipeline
Knox County,Indian Point,In the Pipeline
Knox County,Knox,In the Pipeline
Knox County,Maquon,In the Pipeline
Saline County,Brushy,
Saline County,Cottage,
Macon County,South Macon,In the Pipeline
Hardin County,Stone Church,
Knox County,Ontario,In the Pipeline
Knox County,Persifer,In the Pipeline
Knox County,Rio,In the Pipeline
Marion County,Salem,In the Pipeline
Carroll County,Salem,In the Pipeline
Knox County,Salem,In the Pipeline
Knox County,Sparta,In the Pipeline
Jackson County,Bradley,
Union County,Lick Creek,
Union County,Mill Creek,
Union County,Stokes,
Boone County,Belvidere,In the Pipeline
Clinton County,Clement,
Boone County,Bonus,In the Pipeline
Boone County,Boone,
Boone County,Caledonia,In the Pipeline
Vermilion County,Jamaica,
McDonough County,Bethel,
Knox County,Truro,In the Pipeline
Knox County,Victoria,In the Pipeline
White County,Carmi,
Jersey County,Elsah,
Jackson County,De Soto,
Jackson County,Fountain Bluff,
Jackson County,Kinkaid,
McDonough County,Bushnell,
McDonough County,Colchester,
McDonough County,Eldorado,
Mason County,Lynchburg,
McDonough County,Hire,
McDonough County,Industry,
Menard County,Sugar Grove No. 5,
Champaign County,Brown,Current Clients
Bond County,Lagrange,
Bond County,Old Ripley,
Bond County,Tamalco,
Henry County,Alba,
Henry County,Annawan,
Henry County,Atkinson,
Henry County,Burns,
Henry County,Clover,
Henry County,Colona,
Henry County,Cornwall,
Henry County,Edford,
Henry County,Geneseo,
Henry County,Hanna,
Henry County,Kewanee,
Henry County,Loraine,
De Witt County,Clintonia,
De Witt County,Creek,
Edwards County,Shelby No. 2,
De Witt County,Harp,
Henry County,Lynn,In the Pipeline
Knox County,Lynn,In the Pipeline
Henry County,Munson,
Henry County,Osco,
Henry County,Oxford,
Henry County,Phenix,
Henry County,Weller,
Henry County,Wethersfield,
Henry County,Yorktown,
Will County,Plainfield,
Will County,Reed,
Will County,Troy,In the Pipeline
Carroll County,Washington,
Will County,Washington,
Tazewell County,Washington,
Will County,Wesley,
Hancock County,Dallas City,
Hancock County,Nauvoo,
De Witt County,Texas,
De Witt County,Tunbridge,
De Witt County,Wapella,
Hancock County,Pilot Grove,
Hancock County,Pontoosuc,
Brown County,Cooperstown,
De Witt County,Wilson,
Jo Daviess County,Stockton,
Clinton County,Carlyle,
Clinton County,Lake,
Iroquois County,Ash Grove,
Shelby County,Ash Grove,
Peoria County,Kickapoo,Current Clients
Peoria County,Medina,Current Clients
Peoria County,Medina,Current Clients
Alexander County,Cairo,
Alexander County,Tamms,
DeKalb County,Squaw Grove,
Macon County,Austin,In the Pipeline
Macon County,Austin,In the Pipeline
Bureau County,Wheatland,
Will County,Wheatland,
Fayette County,Wheatland,
Will County,Wilmington,
Coles County,Charleston,
Coles County,Hutton,
Massac County,Adkins,
Massac County,East Brooklyn,
Marshall County,Bennington,
Grundy County,Aux Sable,
Shelby County,Pickaway,
Lake County,Benton,
Franklin County,Benton,
Franklin County,Denning,
Franklin County,Tyrone,
Massac County,Grant,
Massac County,Hillerman,
Richland County,German,
Richland County,Madison,
Richland County,Preston,
Winnebago County,Seward,In the Pipeline
Winnebago County,Seward,In the Pipeline
Winnebago County,Seward,In the Pipeline
Winnebago County,Seward,In the Pipeline
Kendall County,Seward,In the Pipeline
Kendall County,Seward,In the Pipeline
Kendall County,Seward,In the Pipeline
Kendall County,Seward,In the Pipeline
Union County,Anna District 5,
Winnebago County,Shirland,In the Pipeline
Winnebago County,Shirland,In the Pipeline
Marshall County,Hopewell,
Grundy County,Braceville,
Grundy County,Erienna,
Grundy County,Felix,
Grundy County,Garfield,
Shelby County,Windsor,
Massac County,Jackson,
Massac County,Metropolis No. 2,
Massac County,Metropolis No. 3,
Massac County,West Brooklyn,
Boone County,Flora,In the Pipeline
Wayne County,Barnhill,
Hancock County,Rock Creek,
Hancock County,St. Mary,
Grundy County,Goodfarm,
Grundy County,Greenfield,
Grundy County,Highland,
Cook County,Maine,In the Pipeline
Grundy County,Maine,In the Pipeline
Marshall County,Henry,
Wayne County,Bedford,
Wayne County,Berry,
Grundy County,Mazon,
Morgan County,Franklin,
Massac County,Franklin,
Menard County,Indian Creek No. 7,
Hancock County,Sonora,
Crawford County,Hutsonville,
Crawford County,Lamotte,
Woodford County,Montgomery,
Crawford County,Montgomery,
Crawford County,Robinson,
Crawford County,Southwest,
Grundy County,Wauponsee,
Grundy County,Morris,
Grundy County,Nettle Creek,
Wayne County,Four Mile,
Wayne County,Garden Hill,
Wayne County,Grover,
Wayne County,Hickory Hill,
Grundy County,Norman,
Grundy County,Vienna,
Wayne County,Indian Prairie,
Marshall County,Steuben,
Greene County,Athensville,
Wayne County,Jasper,
Wayne County,Keith,
Greene County,Bluffdale,
Greene County,Linder,
Menard County,Irish Grove No. 4,
Wayne County,Lamard,
Wayne County,Massilon,
Menard County,Petersburg West No. 16,
Massac County,Lincoln,Current Clients
Mercer County,Eliza,
Woodford County,Greene,
Mercer County,Greene,
Woodford County,Palestine,
Woodford County,Panola,
Woodford County,Partridge,
Woodford County,Spring Bay,
Cook County,Worth,
Woodford County,Worth,
St. Clair County,St. Clair,
Wayne County,Mount Erie,
Wayne County,Orchard,
Wayne County,Orel,
Woodford County,Roanoke,
Wayne County,Arrington,
Calhoun County,Point,
Clinton County,Meridian,
Stark County,Valley,
Bureau County,Gold,
Stephenson County,Freeport,
Stephenson County,Winslow,
Lawrence County,Bond,
Lawrence County,Denison,
Lawrence County,Lawrence,
Lawrence County,Petty,
Stephenson County,Buckeye,
Stephenson County,Loran,
Fulton County,Astoria,
Effingham County,Banner,
Fulton County,Banner,
Fulton County,Bernadotte,
Fulton County,Buckheart,
Lee County,Ashton,
Stephenson County,Rock Run,
Fulton County,Canton,
Fulton County,Ellisville,
Fulton County,Fairview,
Fulton County,Farmers,
Fulton County,Joshua,
Lee County,Franklin Grove,
Lee County,Dixon,
Lee County,East Grove,
Lee County,Hamilton,
Ogle County,Marion,Current Clients
Ogle County,Marion,Current Clients
Lee County,Marion,Current Clients
Lee County,Marion,Current Clients
Christian County,May,
Lee County,May,
Madison County,Godfrey,In the Pipeline
Lee County,Nelson,
Lee County,Palmyra,
Lee County,South Dixon,
Lee County,Sublette,
Lee County,Viola,
Lee County,Willow Creek,
Will County,Will,
Winnebago County,Seward,In the Pipeline
Winnebago County,Seward,In the Pipeline
Winnebago County,Seward,In the Pipeline
Winnebago County,Seward,In the Pipeline
Kendall County,Seward,In the Pipeline
Kendall County,Seward,In the Pipeline
Kendall County,Seward,In the Pipeline
Kendall County,Seward,In the Pipeline
Will County,Peotone,
Gallatin County,Bowlesville,
Winnebago County,Roscoe,In the Pipeline
Winnebago County,Burritt,In the Pipeline
Winnebago County,Cherry Valley,In the Pipeline
Wabash County,Coffee,
Wabash County,Lancaster,
Winnebago County,Durand,In the Pipeline
Winnebago County,Harlem,In the Pipeline
Stephenson County,Harlem,In the Pipeline
Winnebago County,Harrison,In the Pipeline
Winnebago County,Harrison,In the Pipeline
Winnebago County,Laona,In the Pipeline
Winnebago County,Laona,In the Pipeline
Winnebago County,Owen,In the Pipeline
Winnebago County,Owen,In the Pipeline
Winnebago County,Rockford,In the Pipeline
Winnebago County,Rockton,In the Pipeline
Winnebago County,Winnebago,In the Pipeline
Jo Daviess County,Apple River,
Jo Daviess County,Berreman,
Stephenson County,Dakota,
Stephenson County,Erin,
Will County,Florence,
Stephenson County,Florence,
Menard County,Fancy Prairie No. 3,
Union County,Jonesboro District 2,
Union County,Anna District 4,
Jo Daviess County,Council Hill,
Jo Daviess County,Derinda,
Jo Daviess County,Dunleith,
Jo Daviess County,Elizabeth,
Jo Daviess County,Guilford,
Jo Daviess County,Hanover,Current Clients
Cook County,Hanover,Current Clients
Winnebago County,Harlem,In the Pipeline
Stephenson County,Harlem,In the Pipeline
Stephenson County,Jefferson,
Stephenson County,Kent,
Stephenson County,Oneco,
Stephenson County,Rock Grove,
Union County,Jonesboro District 3,
Union County,Anna District 7,
Stephenson County,Waddams,
Stephenson County,West Point,
Piatt County,Bement,
Wabash County,Friendsville,
Wabash County,Mount Carmel,
McLean County,Normal,Current Clients
Macoupin County,Nilwood,
Wabash County,Wabash,
Wabash County,Compton,
Piatt County,Goose Creek,
Piatt County,Monticello,
Piatt County,Sangamon,
Piatt County,Willow Branch,
Henderson County,Carman,
Henderson County,Gladstone,
Henderson County,Lomax,
Richland County,Bonpas,
Richland County,Olney,
De Witt County,Santa Anna,
Henderson County,Media,
Henderson County,Oquawka,
Henderson County,Stronghurst,
Henry County,Lynn,In the Pipeline
Knox County,Lynn,In the Pipeline
Brown County,Ripley,
De Witt County,Barnett,
De Witt County,De Witt,
De Witt County,Rutledge,
Ogle County,Pine Creek,Current Clients
Ogle County,Pine Creek,Current Clients
Henderson County,Terre Haute,
Rock Island County,Edgington,In the Pipeline
Henry County,Cambridge,
Madison County,Alhambra,In the Pipeline
Madison County,Fort Russell,In the Pipeline
Madison County,Hamel,In the Pipeline
Madison County,Marine,In the Pipeline
Madison County,New Douglas,In the Pipeline
Lee County,Reynolds,
Madison County,Olive,In the Pipeline
Madison County,Pin Oak,In the Pipeline
Madison County,St. Jacob,In the Pipeline
Madison County,Wood River,In the Pipeline
McLean County,Bellflower,Current Clients
McLean County,Dale,Current Clients
McLean County,Dale,Current Clients
McLean County,Downs,Current Clients
Madison County,Leef,In the Pipeline
Edgar County,Symmes,
Adams County,Burton,
McHenry County,Burton,
McHenry County,Coral,
McHenry County,Hartland,
Kane County,Aurora,
Kane County,St. Charles,
Winnebago County,Pecatonica,In the Pipeline
Johnson County,Lake No. 1,
Johnson County,Vienna No. 2,
Johnson County,Lake No. 2,
Kendall County,Big Grove,In the Pipeline
Kendall County,Big Grove,In the Pipeline
Kendall County,Bristol,In the Pipeline
Kendall County,Bristol,In the Pipeline
Kendall County,Fox,In the Pipeline
Kendall County,Fox,In the Pipeline
Kendall County,Fox,In the Pipeline
Kendall County,Fox,In the Pipeline
Jasper County,Fox,In the Pipeline
Jasper County,Fox,In the Pipeline
Jasper County,Fox,In the Pipeline
Jasper County,Fox,In the Pipeline
Kendall County,Little Rock,In the Pipeline
Kendall County,Little Rock,In the Pipeline
Kendall County,Little Rock,In the Pipeline
Scott County,Bloomfield,
Johnson County,Bloomfield,
Kendall County,Na-Au-Say,
Peoria County,West Peoria,Current Clients
Kankakee County,Rockville,
Morgan County,South Jacksonville No. 1,
Brown County,Buckhorn,
Brown County,Elkhorn,
Johnson County,Burnside,
Johnson County,Elvira,
Johnson County,Goreville No. 1,
Johnson County,Grantsburg No. 1,
Kankakee County,Pembroke,
Vermilion County,Pilot,
Kankakee County,Pilot,
Kankakee County,St. Anne,
Warren County,Sumner,In the Pipeline
Kankakee County,Sumner,In the Pipeline
Johnson County,Grantsburg No. 2,
Johnson County,Ozark,
Fulton County,Kerton,
Brown County,Lee,
Fulton County,Lee,
Fulton County,Lewistown,
Johnson County,Simpson,
Johnson County,Vienna No. 1,
Johnson County,Vienna No. 3,
Fulton County,Liverpool,
McLean County,Allin,Current Clients
McLean County,Anchor,Current Clients
McLean County,Arrowsmith,Current Clients
Kankakee County,Aroma,
Kankakee County,Bourbonnais,
Clay County,Harter,
Clay County,Hoosier,
Clay County,Larkinsburg,
Fulton County,Orion,
Fulton County,Pleasant,
Fulton County,Putman,
Morgan County,South Jacksonville No. 3,
Morgan County,South Jacksonville No. 2,
Effingham County,Union,
Cumberland County,Union,
Livingston County,Union,
Fulton County,Union,
Warren County,Coldbrook,
Warren County,Ellison,
Warren County,Floyd,
DeKalb County,Victor,
Warren County,Greenbush,
Morgan County,Murrayville,
Clark County,Anderson,
Effingham County,Douglas,
Clark County,Douglas,
Iroquois County,Douglas,
Schuyler County,Oakland,
Iroquois County,Ashkum,
Iroquois County,Belmont,
Iroquois County,Middleport,
Iroquois County,Prairie Green,
Warren County,Kelly,
Warren County,Lenox,
Warren County,Monmouth,
Fulton County,Vermont,
Knox County,Orange,In the Pipeline
Clark County,Orange,In the Pipeline
Lee County,Alto,
Cass County,Bluff Springs,
Monroe County,2,
Monroe County,3,
Iroquois County,Artesia,
Iroquois County,Beaver,
Warren County,Swan,
Carroll County,Woodland,
Fulton County,Woodland,
Fulton County,Young Hickory,
Marion County,Kinmundy,
Monroe County,4,
Monroe County,5,
Marion County,Odin,
Monroe County,7,
Monroe County,8,
Monroe County,9,
Warren County,Roseville,
Iroquois County,Beaverville,
Iroquois County,Crescent,
Effingham County,Douglas,
Clark County,Douglas,
Iroquois County,Douglas,
Iroquois County,Fountain Creek,
Marion County,Omega,
Marion County,Sandoval,
Marion County,Patoka,
Marion County,Alma,
Carroll County,Elkhorn Grove,
Monroe County,13,
Monroe County,16,
Monroe County,17,
Monroe County,18,
Monroe County,19,
Iroquois County,Iroquois,
Iroquois County,Loda,
Iroquois County,Lovejoy,
Iroquois County,Milford,
Monroe County,11,
Monroe County,14,
Monroe County,24,
Monroe County,27,
Monroe County,20,
Monroe County,23,
Monroe County,25,
Monroe County,26,
Monroe County,29,
Monroe County,30,
Cook County,Barrington,Current Clients
Cook County,Berwyn,
Macoupin County,Staunton,
Adams County,Clayton,
Woodford County,Clayton,
Iroquois County,Milks Grove,
Iroquois County,Onarga,
Iroquois County,Papineau,
Iroquois County,Pigeon Grove,
Iroquois County,Ridgeland,
Alexander County,McClure,
Alexander County,Olive Branch,
Alexander County,Sandusky,
Iroquois County,Sheldon,
Tazewell County,Boynton,In the Pipeline
Pike County,Cincinnati,In the Pipeline
Tazewell County,Cincinnati,In the Pipeline
Tazewell County,Deer Creek,In the Pipeline
Whiteside County,Genesee,In the Pipeline
Whiteside County,Hahnaman,In the Pipeline
Whiteside County,Hopkins,In the Pipeline
Whiteside County,Hopkins,In the Pipeline
Whiteside County,Hume,In the Pipeline
Whiteside County,Hume,In the Pipeline
Tazewell County,Delavan,In the Pipeline
Tazewell County,Elm Grove,In the Pipeline
Tazewell County,Fondulac,In the Pipeline
Whiteside County,Montmorency,In the Pipeline
Monroe County,31,
Monroe County,32,
Monroe County,33,
Monroe County,34,
Monroe County,35,
Monroe County,36,
Cook County,Calumet,
Cook County,Cicero,
Cook County,Lemont,
Cook County,New Trier,
White County,Enfield,
White County,Heralds Prairie,
Jersey County,Richwood,
Jersey County,Jersey,
Jersey County,Mississippi,
Jersey County,Otter Creek,In the Pipeline
La Salle County,Otter Creek,In the Pipeline
Jersey County,Piasa,
Jersey County,Quarry,
Jersey County,Rosedale,
Jackson County,Levan,
Jackson County,Murphysboro,
Monroe County,21,
Jackson County,Sand Ridge,
La Salle County,Groveland,In the Pipeline
La Salle County,Groveland,In the Pipeline
Tazewell County,Groveland,In the Pipeline
Tazewell County,Groveland,In the Pipeline
Tazewell County,Hittle,In the Pipeline
Tazewell County,Mackinaw,In the Pipeline
Bureau County,Manlius,In the Pipeline
La Salle County,Manlius,In the Pipeline
Tazewell County,Malone,In the Pipeline
Tazewell County,Morton,In the Pipeline
Tazewell County,Pekin,In the Pipeline
Livingston County,Rooks Creek,
Mason County,Bath,
Jackson County,Vergennes,
Jackson County,Grand Tower,
Jackson County,Pomona,
Hamilton County,Crook,
Hamilton County,Knight Prairie,
Monroe County,15,
Monroe County,22,
Lake County,County subdivisions not defined,
Cook County,County subdivisions not defined,
Cook County,Bremen,
Jo Daviess County,Hanover,Current Clients
Cook County,Hanover,Current Clients
Cook County,Niles,In the Pipeline
Cook County,Proviso,
Cook County,Thornton,
Cook County,Northfield,Current Clients
Cook County,Norwood Park,
Cook County,Oak Park,
Cook County,Orland,
Fayette County,Hurricane,
Fayette County,La Clede,
Fayette County,Lone Grove,
Fayette County,Otego,
Fayette County,Shafter,
Bureau County,Wheatland,
Will County,Wheatland,
Fayette County,Wheatland,
Fayette County,Wilberton,
Jackson County,Somerset,
Tazewell County,Spring Lake,In the Pipeline
Tazewell County,Tremont,In the Pipeline
Carroll County,Washington,
Will County,Washington,
Tazewell County,Washington,
Stark County,Toulon,
Cook County,Palatine,Current Clients
Cook County,Palos,
Adams County,Riverside,
Cook County,Riverside,
Cook County,Schaumburg,Current Clients
Macoupin County,Bunker Hill,
Macoupin County,Brighton,
Whiteside County,Albany,In the Pipeline
Fayette County,Ramsey,
Fayette County,Sefton,
Washington County,Okawville,
Washington County,Oakdale,
Whiteside County,Coloma,In the Pipeline
Whiteside County,Fenton,In the Pipeline
Whiteside County,Fulton,In the Pipeline
Whiteside County,Garden Plain,In the Pipeline
La Salle County,Allen,In the Pipeline
La Salle County,Brookfield,In the Pipeline
La Salle County,Dayton,In the Pipeline
Cook County,Lyons,
Cook County,Wheeling,Current Clients
Macoupin County,Bird,
Macoupin County,Brushy Mound,
Kendall County,Fox,In the Pipeline
Kendall County,Fox,In the Pipeline
Kendall County,Fox,In the Pipeline
Kendall County,Fox,In the Pipeline
Jasper County,Fox,In the Pipeline
Jasper County,Fox,In the Pipeline
Jasper County,Fox,In the Pipeline
Jasper County,Fox,In the Pipeline
La Salle County,Dimmick,In the Pipeline
La Salle County,Eagle,In the Pipeline
La Salle County,Earl,In the Pipeline
La Salle County,Eden,In the Pipeline
La Salle County,Fall River,In the Pipeline
La Salle County,Farm Ridge,In the Pipeline
La Salle County,Grand Rapids,In the Pipeline
Macoupin County,Carlinville,
Macoupin County,Girard,
Macoupin County,Hillyard,
Macoupin County,Honey Point,
Whiteside County,Ustick,In the Pipeline
Jackson County,Elk,
Mason County,Allens Grove,
La Salle County,Hope,In the Pipeline
La Salle County,LaSalle,In the Pipeline
Bureau County,Manlius,In the Pipeline
La Salle County,Manlius,In the Pipeline
La Salle County,Mendota,In the Pipeline
La Salle County,Meriden,In the Pipeline
La Salle County,Miller,In the Pipeline
Macoupin County,Mount Olive,
Macoupin County,North Otter,
Mason County,Forest City,
Mason County,Havana,
Mason County,Manito,
Mason County,Pennsylvania,
Mason County,Quiver,
Macoupin County,North Palmyra,
Macoupin County,Polk,
La Salle County,Mission,In the Pipeline
La Salle County,Northville,In the Pipeline
La Salle County,Osage,In the Pipeline
La Salle County,Ottawa,In the Pipeline
Jersey County,Otter Creek,In the Pipeline
La Salle County,Otter Creek,In the Pipeline
Macoupin County,Scottville,
Macoupin County,Shaws Point,
Macoupin County,Shipman,
Macoupin County,Virden,
Mercer County,Abington,
Macoupin County,Western Mound,
Whiteside County,Prophetstown,In the Pipeline
Whiteside County,Sterling,In the Pipeline
Whiteside County,Tampico,In the Pipeline
Whiteside County,Union Grove,In the Pipeline
Lake County,Moraine,
Jo Daviess County,Warren,
Lake County,Warren,
Lake County,Zion,
St. Clair County,Centreville,
St. Clair County,Shiloh Valley,
St. Clair County,Stookey,
St. Clair County,Millstadt,
Morgan County,Lynnville-Markham,
Morgan County,Meredosia,
Morgan County,Chapin-Concord,
