COUSUBFP,NAMELSAD,Place Name,Label
61522,Prairie township,Shelby County,
63615,Richland township,Shelby County,
63836,Ridge township,Shelby County,
65637,Rose township,Shelby County,
66313,Rural township,Shelby County,
55119,Oblong township,Crawford County,
61470,Prairie township,Crawford County,
47202,Martin township,Crawford County,
69199,Shelbyville township,Shelby County,
69927,Sigel township,Shelby County,
75861,Tower Hill township,Shelby County,
47124,Marrowbone township,Moultrie County,
92605,Precinct 12,Monroe County,
45057,Lovington township,Moultrie County,
59013,Peoria City township,Peoria County,
81451,Whitley township,Moultrie County,
2928,Auburn township,Sangamon County,In the Pipeline
3506,Ball township,Sangamon County,In the Pipeline
9486,Buffalo Hart township,Sangamon County,In the Pipeline
11046,Capital township,Sangamon County,In the Pipeline
11579,Cartwright township,Sangamon County,In the Pipeline
12697,Chatham township,Sangamon County,In the Pipeline
16223,Cooper township,Sangamon County,
41976,Lanesville township,Sangamon County,In the Pipeline
20058,Divernon township,Sangamon County,In the Pipeline
37881,Island Grove township,Sangamon County,In the Pipeline
44186,Loami township,Sangamon County,In the Pipeline
47618,Maxwell township,Sangamon County,In the Pipeline
48034,Mechanicsburg township,Sangamon County,In the Pipeline
52181,New Berlin township,Sangamon County,In the Pipeline
72013,Springfield township,Sangamon County,In the Pipeline
74340,Talkington township,Sangamon County,In the Pipeline
81776,Williams township,Sangamon County,In the Pipeline
83310,Woodside township,Sangamon County,In the Pipeline
37140,Illiopolis township,Sangamon County,In the Pipeline
64772,Rochester township,Sangamon County,In the Pipeline
60898,Point Pleasant township,Warren County,
73716,Sumner township,Warren County,
75692,Tompkins township,Warren County,
6145,Bishop township,Effingham County,
20474,Douglas township,Effingham County,
38063,Jackson township,Effingham County,
45161,Lucas township,Effingham County,
47462,Mason township,Effingham County,
49763,Moccasin township,Effingham County,
50725,Mound township,Effingham County,
66807,St. Francis township,Effingham County,
73651,Summit township,Effingham County,
74756,Teutopolis township,Effingham County,
76654,Union township,Effingham County,
79254,Watson township,Effingham County,
39012,Kansas township,Woodford County,
43159,Liberty township,Effingham County,
15144,Clyde township,Whiteside County,In the Pipeline
38700,Jordan township,Whiteside County,In the Pipeline
12463,Chandlerville township,Cass County,
67600,Sangamon Valley township,Cass County,
67652,Santa Fe township,Clinton County,
11696,Cass township,Fulton County,
72773,Stockland township,Iroquois County,
17653,Crooked Creek township,Jasper County,
65494,Roodhouse township,Greene County,
21306,Durham township,Hancock County,
66235,Rubicon township,Greene County,
10968,Canteen township,St. Clair County,
24205,Engelmann township,St. Clair County,
27819,Freeburg township,St. Clair County,
42509,Lebanon township,St. Clair County,
83583,Wrights township,Greene County,
46968,Marissa township,St. Clair County,
93618,Washington precinct,Massac County,
42561,Lee township,Brown County,
49685,Missouri township,Brown County,
51167,Mount Sterling township,Brown County,
18680,Darwin township,Clark County,
48398,Mercer township,Mercer County,
49256,Millersburg township,Mercer County,
52233,New Boston township,Mercer County,
55405,Ohio Grove township,Mercer County,
59182,Perryton township,Mercer County,
61795,Preemption township,Mercer County,
58330,Pea Ridge township,Brown County,
77733,Versailles township,Brown County,
5560,Berwick township,Warren County,
20279,Dolson township,Clark County,
38505,Johnson township,Clark County,
47176,Marshall township,Clark County,
47267,Martinsville township,Clark County,
4338,Bear Creek township,Hancock County,
32629,Hancock township,Hancock County,
61496,Prairie township,Hancock County,
66612,St. Albans township,Hancock County,
78422,Walker township,Hancock County,
83713,Wythe township,Hancock County,
40845,La Harpe township,Hancock County,
93600,Walsh precinct,Randolph County,
27611,Frankfort township,Franklin County,
36555,Humboldt township,Coles County,
40637,Lafayette township,Coles County,
47566,Mattoon township,Coles County,
54014,North Okaw township,Coles County,
7978,Brenton township,Ford County,
52129,New Athens township,St. Clair County,
61600,Prairie Du Long township,St. Clair County,
42873,Lenzburg township,St. Clair County,
22268,East St. Louis township,St. Clair County,
10214,Button township,Ford County,
20110,Dix township,Ford County,
49919,Mona township,Ford County,
58122,Patton township,Ford County,
92124,Metropolis No. 4 precinct,Massac County,
4949,Bell Plain township,Marshall County,
11170,Carbondale township,Jackson County,
19148,Degognia township,Jackson County,
46227,Makanda township,Jackson County,
3818,Barren township,Franklin County,
64551,Rivoli township,Mercer County,
73339,Suez township,Mercer County,
63628,Richland Grove township,Mercer County,
67171,St. Rose township,Clinton County,
69485,Shields township,Lake County,Current Clients
79280,Wauconda township,Lake County,
79306,Waukegan township,Lake County,
80112,West Deerfield township,Lake County,In the Pipeline
0,County subdivisions not defined,Lake County,
27923,Fremont township,Lake County,
44940,Louisville township,Clay County,
57615,Paradise township,Coles County,
48229,Melrose township,Clark County,
57667,Parker township,Clark County,
78279,Wabash township,Clark County,
83934,York township,Clark County,
68718,Seven Hickory township,Coles County,
90486,Bone Gap precinct,Edwards County,
91152,Ellery precinct,Edwards County,
93084,Salem No. 2 precinct,Edwards County,
58317,Peach Orchard township,Ford County,
58512,Pella township,Ford County,
65273,Rogers township,Ford County,
73521,Sullivant township,Ford County,
78474,Wall township,Ford County,
24686,Ewing township,Franklin County,
70070,Six Mile township,Franklin County,
11813,Cave township,Franklin County,
1608,Antioch township,Lake County,
3220,Avon township,Lake County,
18004,Cuba township,Lake County,
30952,Grant township,Lake County,
66482,Ruyle township,Jersey County,
39454,Kendall township,Kendall County,In the Pipeline
39454,Kendall township,Kendall County,In the Pipeline
56900,Oswego township,Kendall County,In the Pipeline
56900,Oswego township,Kendall County,In the Pipeline
56900,Oswego township,Kendall County,In the Pipeline
7926,Breese township,Clinton County,
8732,Brookside township,Clinton County,
21748,East Fork township,Clinton County,
37673,Irishtown township,Clinton County,
67262,Salina township,Kankakee County,
83856,Yellowhead township,Kankakee County,
31836,Grisham township,Montgomery County,
33370,Harvel township,Montgomery County,
2622,Assumption township,Christian County,
4325,Bear Creek township,Christian County,
41599,Lake Villa township,Lake County,
9239,Buckhart township,Christian County,
31641,Greenwood township,Christian County,
90256,Athens North No. 2 precinct,Menard County,
90262,Athens South No. 1 precinct,Menard County,
43263,Libertyville township,Lake County,
52753,Newport township,Lake County,
8940,Browning township,Franklin County,
78344,Wade township,Clinton County,
80996,Wheatfield township,Clinton County,
29054,Germantown township,Clinton County,
44667,Looking Glass township,Clinton County,
11475,Carrollton township,Greene County,
58096,Patterson township,Greene County,
83401,Woodville township,Greene County,
90954,Dixon precinct,Edwards County,
93153,Shelby No. 1 precinct,Edwards County,
35060,Hillsboro township,Montgomery County,
60183,Pitman township,Montgomery County,
70928,South Litchfield township,Montgomery County,
78669,Walshville township,Montgomery County,
5326,Benton township,Lake County,
22853,Ela township,Lake County,
38492,Johnson township,Christian County,
50686,Mosquito township,Christian County,
57485,Pana township,Christian County,
61730,Prairieton township,Christian County,
63797,Ricks township,Christian County,
90270,Atterberry No. 10 precinct,Menard County,
2765,Atlanta township,Logan County,
8485,Broadwell township,Logan County,
2076,Arispie township,Bureau County,
5430,Berlin township,Bureau County,
9668,Bureau township,Bureau County,
14598,Clarion township,Bureau County,
82738,Witt township,Montgomery County,
84129,Zanesville township,Montgomery County,
7107,Bois D'Arc township,Montgomery County,
37751,Irving township,Montgomery County,
66092,Rountree township,Montgomery County,
91116,Eddyville No. 6 precinct,Pope County,
4481,Beaver Creek township,Hamilton County,
91012,Du Quoin No. 3 precinct,Perry County,
91013,Du Quoin No. 4 precinct,Perry County,
91014,Du Quoin No. 5 precinct,Perry County,
91015,Du Quoin No. 6 precinct,Perry County,
20799,Drummer township,Ford County,
13126,Chester township,Logan County,
16496,Corwin township,Logan County,
24049,Eminence township,Logan County,
40624,Laenna township,Logan County,
65598,Rosamond township,Christian County,
70798,South Fork township,Christian County,
74587,Taylorville township,Christian County,
39948,King township,Christian County,
92433,Petersburg East No. 13 precinct,Menard County,
92436,Petersburg North No. 14 precinct,Menard County,
11878,Cazenovia township,Woodford County,
16028,Concord township,Bureau County,
20539,Dover township,Bureau County,
31602,Greenville township,Bureau County,
92439,Petersburg South No. 15 precinct,Menard County,
93024,Rock Creek No. 12 precinct,Menard County,
1127,Alton township,Madison County,In the Pipeline
22710,Edwardsville township,Madison County,In the Pipeline
30939,Granite City township,Madison County,In the Pipeline
38245,Jarvis township,Madison County,In the Pipeline
91386,Golconda No. 1 precinct,Pope County,
91422,Golconda No. 3 precinct,Pope County,
93654,Webster No. 5 precinct,Pope County,
31355,Greene township,Woodford County,
43835,Linn township,Woodford County,
48619,Metamora township,Woodford County,
49581,Minonk township,Woodford County,
50231,Montgomery township,Woodford County,
55821,Olio township,Woodford County,
92470,Pinckneyville No. 3 precinct,Perry County,
91016,Du Quoin No. 7 precinct,Perry County,
45837,McLeansboro township,Hamilton County,
70655,South Crouch township,Hamilton County,
91018,Du Quoin No. 9 precinct,Perry County,
91019,Du Quoin No. 10 precinct,Perry County,
91020,Du Quoin No. 11 precinct,Perry County,
1621,Appanoose township,Hancock County,
90039,Albion No. 1 precinct,Edwards County,
90041,Albion No. 2 precinct,Edwards County,
90044,Albion No. 3 precinct,Edwards County,
41144,Lake Fork township,Logan County,
51141,Mount Pulaski township,Logan County,
69290,Sheridan township,Logan County,
37413,Indiantown township,Bureau County,
41807,La Moille township,Bureau County,
42665,Leepertown township,Bureau County,
49438,Milo township,Bureau County,
2999,Augusta township,Hancock County,
14104,Chili township,Hancock County,
91010,Du Quoin No. 1 precinct,Perry County,
93348,Swanwick precinct,Perry County,
93762,Willisville precinct,Perry County,
91021,Du Quoin No. 12 precinct,Perry County,
61912,Princeton township,Bureau County,
71305,South Twigg township,Hamilton County,
76472,Twigg township,Hamilton County,
92468,Pinckneyville No. 1 precinct,Perry County,
92469,Pinckneyville No. 2 precinct,Perry County,
60365,Plato township,Kane County,
66430,Rutland township,Kane County,
73404,Sugar Grove township,Kane County,
78188,Virgil township,Kane County,
49529,Mineral township,Bureau County,
52012,Neponset township,Bureau County,
55392,Ohio township,Bureau County,
68562,Selby township,Bureau County,
20344,Dora township,Moultrie County,
92471,Pinckneyville No. 4 precinct,Perry County,
92472,Pinckneyville No. 5 precinct,Perry County,
92473,Pinckneyville No. 6 precinct,Perry County,
92474,Pinckneyville No. 7 precinct,Perry County,
22099,East Nelson township,Moultrie County,
38609,Jonathan Creek township,Moultrie County,
78539,Walnut township,Bureau County,
80268,Westfield township,Bureau County,
81009,Wheatland township,Bureau County,
83635,Wyanet township,Bureau County,
2960,Audubon township,Montgomery County,
21761,East Fork township,Montgomery County,
93386,Tamaroa No. 2 precinct,Perry County,
64057,Ridott township,Stephenson County,
5911,Biggsville township,Henderson County,
62861,Raritan township,Henderson County,
32304,Hallock township,Peoria County,Current Clients
21982,East Lincoln township,Logan County,
36789,Hurlbut township,Logan County,
56289,Oran township,Logan County,
91332,Georges Creek precinct,Massac County,
698,Algonquin township,McHenry County,In the Pipeline
41820,Lamoine township,McDonough County,
50738,Mound township,McDonough County,
52792,New Salem township,McDonough County,
2791,Atlas township,Pike County,
3974,Barry township,Pike County,
61561,Prairie City township,McDonough County,
12359,Chambersburg township,Pike County,
68211,Sciota township,McDonough County,
74678,Tennessee township,McDonough County,
78409,Waldo township,Livingston County,
92196,Mounds precinct,Pulaski County,
78591,Walnut Grove township,McDonough County,
6743,Blue Mound township,McLean County,Current Clients
12944,Chenoa township,McLean County,
14390,Cincinnati township,Pike County,
19577,Derry township,Pike County,
19694,Detroit township,Pike County,
24972,Fairmount township,Pike County,
31784,Griggsville township,Pike County,
32070,Hadley township,Pike County,
17705,Cropsey township,McLean County,Current Clients
18550,Danvers township,McLean County,Current Clients
18732,Dawson township,McLean County,Current Clients
51297,Mulberry Grove township,Bond County,
69641,Shoal Creek township,Bond County,
43952,Lisle township,DuPage County,In the Pipeline
49451,Milton township,DuPage County,
53806,North Henderson township,Mercer County,
79410,Wayne township,DuPage County,Current Clients
83947,York township,DuPage County,Current Clients
3558,Banner township,Effingham County,
79891,West township,Effingham County,
40572,Lacon township,Marshall County,
91404,Golconda No. 2 precinct,Pope County,
91746,Jefferson No. 4 precinct,Pope County,
21735,Eastern township,Franklin County,
30406,Goode township,Franklin County,
53637,Northern township,Franklin County,
90540,Browns precinct,Edwards County,
91296,French Creek precinct,Edwards County,
93081,Salem No. 1 precinct,Edwards County,
20838,Dry Grove township,McLean County,Current Clients
28209,Funks Grove township,McLean County,Current Clients
32863,Hardin township,Pike County,
39935,Kinderhook township,Pike County,
52259,Newburg township,Pike County,
52818,New Salem township,Pike County,
58356,Pearl township,Pike County,
59169,Perry township,Pike County,
74535,Taylor township,Ogle County,Current Clients
14637,Clarksburg township,Shelby County,
58590,Penn township,Shelby County,
75588,Todds Point township,Shelby County,
31745,Gridley township,McLean County,Current Clients
42353,Lawndale township,McLean County,Current Clients
43107,Lexington township,McLean County,Current Clients
30887,Grandville township,Jasper County,
31888,Grove township,Jasper County,
36659,Hunt City township,Jasper County,
64668,Roberts township,Marshall County,
54001,North Muddy township,Jasper County,
66803,Ste. Marie township,Jasper County,
21241,Du Page township,Will County,
46370,Manhattan township,Will County,
5742,Beverly township,Adams County,
10019,Burton township,Adams County,
93366,Tallula No. 11 precinct,Menard County,
14546,Claremont township,Richland County,
18862,Decker township,Richland County,
19486,Denver township,Richland County,
53156,Noble township,Richland County,
10890,Camp Point township,Adams County,
38999,Kansas township,Edgar County,
26415,Flint township,Pike County,
53117,Nixon township,De Witt County,
79462,Waynesville township,De Witt County,
20968,Duncan township,Mercer County,
47215,Martin township,McLean County,Current Clients
49971,Money Creek township,McLean County,Current Clients
50972,Mount Hope township,McLean County,Current Clients
55782,Old Town township,McLean County,Current Clients
71084,South Muddy township,Jasper County,
78357,Wade township,Jasper County,
39311,Keithsburg township,Mercer County,
82023,Willow Hill township,Jasper County,
2427,Asbury township,Gallatin County,
52519,New Haven township,Gallatin County,
9395,Buena Vista township,Schuyler County,
83362,Woodstock township,Schuyler County,
15859,Columbus township,Adams County,
16015,Concord township,Adams County,
76888,Unity township,Piatt County,
31030,Granville township,Putnam County,
34124,Hennepin township,Putnam County,
25258,Fall Creek township,Adams County,
35957,Honey Creek township,Adams County,
62692,Randolph township,McLean County,Current Clients
75835,Towanda township,McLean County,Current Clients
79904,West township,McLean County,Current Clients
81321,White Oak township,McLean County,Current Clients
83804,Yates township,McLean County,
1439,Andalusia township,Rock Island County,In the Pipeline
6301,Blackhawk township,Rock Island County,In the Pipeline
7549,Bowling township,Rock Island County,In the Pipeline
9512,Buffalo Prairie township,Rock Island County,In the Pipeline
68601,Seminary township,Fayette County,
70876,South Hurricane township,Fayette County,
77330,Vandalia township,Fayette County,
3155,Avena township,Fayette County,
4377,Bear Grove township,Fayette County,
11501,Carson township,Fayette County,
44901,Loudon township,Fayette County,
61106,Pope township,Fayette County,
10955,Canoe Creek township,Rock Island County,In the Pipeline
15326,Coe township,Rock Island County,In the Pipeline
16379,Cordova township,Rock Island County,In the Pipeline
20825,Drury township,Rock Island County,In the Pipeline
49880,Moline township,Rock Island County,In the Pipeline
61236,Port Byron township,Rock Island County,In the Pipeline
65091,Rock Island township,Rock Island County,
9694,Burgess township,Bond County,
12112,Central township,Bond County,
45252,Lyman township,Ford County,
6561,Bloom township,Cook County,
14000,Chicago city,Cook County,
23243,Elk Grove township,Cook County,In the Pipeline
43120,Leyden township,Cook County,
46162,Maine township,Cook County,In the Pipeline
63498,Rich township,Cook County,
64317,River Forest township,Cook County,
72689,Stickney township,Cook County,
83531,Worth township,Cook County,
66300,Rural township,Rock Island County,In the Pipeline
70993,South Moline township,Rock Island County,In the Pipeline
71201,South Rock Island township,Rock Island County,In the Pipeline
46123,Magnolia township,Putnam County,
607,Alden township,McHenry County,
68627,Senachwine township,Putnam County,
17809,Crouch township,Hamilton County,
18316,Dahlgren township,Hamilton County,
26324,Flannigan township,Hamilton County,
47657,Mayberry township,Hamilton County,
70785,South Flannigan township,Hamilton County,
36295,Houston township,Adams County,
32577,Hampton township,Rock Island County,In the Pipeline
84246,Zuma township,Rock Island County,In the Pipeline
91716,Jacksonville No. 6 precinct,Morgan County,
91717,Jacksonville No. 7 precinct,Morgan County,
91718,Jacksonville No. 8 precinct,Morgan County,
91719,Jacksonville No. 9 precinct,Morgan County,
91721,Jacksonville No. 11 precinct,Morgan County,
91722,Jacksonville No. 12 precinct,Morgan County,
39220,Keene township,Adams County,
11540,Carthage township,Hancock County,
32993,Harmony township,Hancock County,
50140,Montebello township,Hancock County,
78955,Warsaw township,Hancock County,
27325,Fountain Green township,Hancock County,
49321,Mills township,Bond County,
60586,Pleasant Mound township,Bond County,
9902,Burnt Prairie township,White County,
31069,Gray township,White County,
37231,Indian Creek township,White County,
59507,Phillips township,White County,
14260,Chouteau township,Madison County,In the Pipeline
15612,Collinsville township,Madison County,In the Pipeline
27182,Foster township,Madison County,In the Pipeline
50465,Moro township,Madison County,In the Pipeline
51583,Nameoki township,Madison County,In the Pipeline
56068,Omphghent township,Madison County,In the Pipeline
67275,Saline township,Madison County,In the Pipeline
77486,Venice township,Madison County,In the Pipeline
91926,Literberry precinct,Morgan County,
91740,Jefferson precinct,Massac County,
43146,Liberty township,Adams County,
48203,Melrose township,Adams County,
58278,Payson township,Adams County,
64408,Riverside township,Adams County,
62380,Quincy township,Adams County,
45746,McKee township,Adams County,
53624,Northeast township,Adams County,
63550,Richfield township,Adams County,
78461,Walkerville township,Greene County,
17042,Covington township,Washington County,
36360,Hoyleton township,Washington County,
77434,Venedy township,Washington County,
93642,Waverly No. 2 precinct,Morgan County,
90396,Benton precinct,Massac County,
91944,Logan precinct,Massac County,
92070,Metropolis No. 1 precinct,Massac County,
35970,Honey Creek township,Crawford County,
90378,Bellmont precinct,Wabash County,
91890,Lick Prairie precinct,Wabash County,
80294,Westfield township,Clark County,
11404,Carrier Mills township,Saline County,
50803,Mountain township,Saline County,
72897,Stonefort township,Saline County,
93852,Woodson precinct,Morgan County,
2570,Ashmore township,Coles County,
22138,East Oakland township,Coles County,
50400,Morgan township,Coles County,
11657,Caseyville township,St. Clair County,
25726,Fayetteville township,St. Clair County,
47436,Mascoutah township,St. Clair County,
55262,O'Fallon township,St. Clair County,
70265,Smithton township,St. Clair County,
73456,Sugar Loaf township,St. Clair County,
60469,Pleasant Grove township,Coles County,
1894,Arcola township,Douglas County,
67678,Saratoga township,Grundy County,
30549,Goose Lake township,Grundy County,
72741,Stites township,St. Clair County,
91800,Karnak precinct,Pulaski County,
92952,Pulaski precinct,Pulaski County,
93744,Wetaug precinct,Pulaski County,
12275,Cerro Gordo township,Piatt County,
6808,Blue Ridge township,Piatt County,
33981,Helvetia township,Madison County,In the Pipeline
8901,Brouilletts Creek township,Edgar County,
90108,America precinct,Pulaski County,
92178,Mound City precinct,Pulaski County,
92322,Olmsted precinct,Pulaski County,
92412,Perks precinct,Pulaski County,
65949,Ross township,Vermilion County,
24790,Fairfield township,Bureau County,
9213,Buck township,Edgar County,
22502,Edgar township,Edgar County,
22912,Elbridge township,Edgar County,
23958,Embarrass township,Edgar County,
5950,Big Mound township,Wayne County,
23685,Elm River township,Wayne County,
42626,Leech township,Wayne County,
28352,Galesburg City township,Knox County,In the Pipeline
30822,Grandview township,Edgar County,
36685,Hunter township,Edgar County,
57641,Paris township,Edgar County,
78565,Walnut Grove township,Knox County,In the Pipeline
3415,Bald Bluff township,Henderson County,
61483,Prairie township,Edgar County,
65923,Ross township,Edgar County,
9772,Burlington township,Kane County,
23087,Elgin township,Kane County,
26094,Fillmore Consolidated township,Montgomery County,
35567,Holland township,Shelby County,
55145,Oconee township,Shelby County,
45083,Lowe township,Moultrie County,
43315,Licking township,Crawford County,
6002,Big Spring township,Shelby County,
15417,Cold Spring township,Shelby County,
20851,Dry Point township,Shelby County,
26337,Flat Branch township,Shelby County,
34345,Herrick township,Shelby County,
41690,Lakewood township,Shelby County,
4845,Belleville city,St. Clair County,
51245,Moweaqua township,Shelby County,
55457,Okaw township,Shelby County,
24582,Evanston city,Cook County,
250,Addison township,DuPage County,In the Pipeline
20604,Downers Grove township,DuPage County,Current Clients
51635,Naperville township,DuPage County,In the Pipeline
82413,Winfield township,DuPage County,
69498,Shiloh township,Edgar County,
73092,Stratton township,Edgar County,
84064,Young America township,Edgar County,
14000,Chicago city,DuPage County,
3350,Bainbridge township,Schuyler County,
6132,Birmingham township,Schuyler County,
15248,Coal Valley township,Rock Island County,In the Pipeline
60235,Pittsfield township,Pike County,
60547,Pleasant Hill township,Pike County,
204,Adams township,La Salle County,In the Pipeline
56224,Ophir township,La Salle County,In the Pipeline
60651,Pleasant Vale township,Pike County,
65936,Ross township,Pike County,
71617,Spring Creek township,Pike County,
92550,Precinct 1,Monroe County,
92575,Precinct 6,Monroe County,
92595,Precinct 10,Monroe County,
63576,Richland township,La Salle County,In the Pipeline
1283,Amboy township,Lee County,
24231,English township,Jersey County,
25973,Fidelity township,Jersey County,
6600,Bloomingdale township,DuPage County,
27078,Forreston township,Ogle County,Current Clients
8693,Brooklyn township,Schuyler County,
8966,Browning township,Schuyler County,
10708,Camden township,Schuyler County,
27793,Frederick township,Schuyler County,
34462,Hickory township,Schuyler County,
36776,Huntsville township,Schuyler County,
477,Akron township,Peoria County,Current Clients
8316,Brimfield township,Peoria County,In the Pipeline
14130,Chillicothe township,Peoria County,Current Clients
23711,Elmwood township,Peoria County,Current Clients
35645,Hollis township,Peoria County,Current Clients
38765,Jubilee township,Peoria County,Current Clients
43523,Limestone township,Peoria County,Current Clients
14780,Clayton township,Adams County,
23412,Ellington township,Adams County,
29288,Gilmer township,Adams County,
43458,Lima township,Adams County,
48320,Mendon township,Adams County,
77057,Ursa township,Adams County,
92730,Precinct 37,Monroe County,
92685,Precinct 28,Monroe County,
7679,Bradford township,Lee County,
8654,Brooklyn township,Lee County,
32980,Harmon township,Lee County,
42613,Lee Center township,Lee County,
66352,Rushville township,Schuyler County,
32226,Hale township,Warren County,
72065,Spring Grove township,Warren County,
90360,Belleview precinct,Calhoun County,
90630,Carlin precinct,Calhoun County,
90900,Crater precinct,Calhoun County,
91350,Gilead precinct,Calhoun County,
91584,Hamburg precinct,Calhoun County,
91011,Du Quoin No. 2 precinct,Perry County,
90342,Beaucoup precinct,Perry County,
93330,Sunfield precinct,Perry County,
92475,Pinckneyville No. 8 precinct,Perry County,
93384,Tamaroa No. 1 precinct,Perry County,
90936,Cutler precinct,Perry County,
44342,Logan township,Peoria County,Current Clients
49113,Millbrook township,Peoria County,Current Clients
61938,Princeville township,Peoria County,Current Clients
62510,Radnor township,Peoria County,Current Clients
63771,Richwoods township,Peoria County,Current Clients
65715,Rosefield township,Peoria County,Current Clients
75289,Timber township,Peoria County,Current Clients
43913,Lisbon township,Kendall County,In the Pipeline
43913,Lisbon township,Kendall County,In the Pipeline
77668,Vernon township,Lake County,Current Clients
47482,Mason City township,Mason County,
92394,Percy precinct,Randolph County,
67483,Sand Prairie township,Tazewell County,In the Pipeline
17861,Cruger township,Woodford County,
91720,Jacksonville No. 10 precinct,Morgan County,
83674,Wyoming township,Lee County,
91602,Hardin precinct,Calhoun County,
44069,Littleton township,Schuyler County,
92988,Richwood precinct,Calhoun County,
44238,Lockport township,Will County,
82244,Wilton township,Will County,
12483,Channahon township,Will County,
17536,Crete township,Will County,
18199,Custer township,Will County,
26519,Florence township,Will County,
27631,Frankfort township,Will County,
47241,Martinsburg township,Pike County,
76121,Trivoli township,Peoria County,
80749,West Peoria township,Peoria County,Current Clients
51557,Nachusa township,Lee County,
12892,Chemung township,McHenry County,
56783,Osceola township,Stark County,
90648,Carterville precinct,Williamson County,
90918,Creal Springs precinct,Williamson County,
91620,Herrin precinct,Williamson County,
93294,Stonefort precinct,Williamson County,
90882,Crab Orchard precinct,Williamson County,
20396,Dorr township,McHenry County,
21111,Dunham township,McHenry County,
30666,Grafton township,McHenry County,
31680,Greenwood township,McHenry County,
33864,Hebron township,McHenry County,
84194,Zif township,Wayne County,
91764,Jonesboro District 1 precinct,Union County,
43003,Levee township,Pike County,
50192,Montezuma township,Pike County,
14728,Clay City township,Clay County,
51895,Nebraska township,Livingston County,
73781,Sunbury township,Livingston County,
31394,Green Garden township,Will County,
35827,Homer township,Will County,
38076,Jackson township,Will County,
38583,Joliet township,Will County,
49958,Monee township,Will County,
52597,New Lenox township,Will County,
2453,Ash Grove township,Iroquois County,
12814,Chebanse township,Iroquois County,
16041,Concord township,Iroquois County,
18511,Danforth township,Iroquois County,
47293,Martinton township,Iroquois County,
91017,Du Quoin No. 8 precinct,Perry County,
90846,Corinth precinct,Williamson County,
93204,Southern precinct,Williamson County,
91836,Lake Creek precinct,Williamson County,
45707,McHenry township,McHenry County,
46799,Marengo township,McHenry County,
63654,Richmond township,McHenry County,
17640,Crooked Creek township,Cumberland County,
72143,Spring Point township,Cumberland County,
64096,Riley township,McHenry County,
54495,Nunda township,McHenry County,In the Pipeline
68653,Seneca township,McHenry County,
5807,Bible Grove township,Clay County,nan
6392,Blair township,Clay County,
56835,Oskaloosa township,Clay County,
60261,Pixley township,Clay County,
73508,Sullivan township,Moultrie County,
57017,Otto township,Kankakee County,
70486,Songer township,Clay County,
72247,Stanford township,Clay County,
83752,Xenia township,Clay County,
25544,Farmington township,Fulton County,
33110,Harris township,Fulton County,
37842,Isabel township,Fulton County,
79137,Waterford township,Fulton County,
44017,Little Mackinaw township,Tazewell County,In the Pipeline
10175,Butler Grove township,Montgomery County,
53182,Nokomis township,Montgomery County,
53949,North Litchfield township,Montgomery County,
62978,Raymond township,Montgomery County,
4091,Batavia township,Kane County,
5989,Big Rock township,Kane County,
6262,Blackberry township,Kane County,
10903,Campton township,Kane County,
16587,Cottonwood township,Cumberland County,
73729,Sumpter township,Cumberland County,
82959,Woodbury township,Cumberland County,
31537,Greenup township,Cumberland County,
90090,Alto Pass precinct,Union County,
21046,Dundee township,Kane County,In the Pipeline
28885,Geneva township,Kane County,Current Clients
32538,Hampshire township,Kane County,
38908,Kaneville township,Kane County,
12177,Centralia township,Marion County,
65455,Romine township,Marion County,
67249,Salem township,Marion County,
75744,Tonti township,Marion County,
59247,Peru township,La Salle County,In the Pipeline
68692,Serena township,La Salle County,In the Pipeline
18979,Deerfield township,Fulton County,
71110,South Ottawa township,La Salle County,In the Pipeline
76238,Troy Grove township,La Salle County,In the Pipeline
77096,Utica township,La Salle County,In the Pipeline
78487,Wallace township,La Salle County,In the Pipeline
78682,Waltham township,La Salle County,In the Pipeline
21813,East Galena township,Jo Daviess County,
58187,Pawnee township,Sangamon County,In the Pipeline
24465,Essex township,Kankakee County,
28456,Ganeer township,Kankakee County,
38947,Kankakee township,Kankakee County,
43497,Limestone township,Kankakee County,
46513,Manteno township,Kankakee County,
49906,Momence township,Kankakee County,
54352,Norton township,Kankakee County,
90522,Brewerville precinct,Randolph County,
91818,Kaskaskia precinct,Randolph County,
93042,Rockwood precinct,Randolph County,
93834,Wine Hill precinct,Randolph County,
7458,Bourbon township,Douglas County,
90072,Alsey precinct,Scott County,
90468,Bloomfield precinct,Scott County,
91368,Glasgow precinct,Scott County,
92016,Manchester precinct,Scott County,
7497,Bowdre township,Douglas County,
10604,Camargo township,Douglas County,
28755,Garrett township,Douglas County,
51427,Murdock township,Douglas County,
52636,Newman township,Douglas County,
67730,Sargent township,Douglas County,
76420,Tuscola township,Douglas County,
72962,Stonington township,Christian County,
3428,Bald Hill township,Jefferson County,
6496,Blissville township,Jefferson County,
11670,Casner township,Jefferson County,
20227,Dodds township,Jefferson County,
23334,Elk Prairie township,Jefferson County,
25648,Farrington township,Jefferson County,
25986,Field township,Jefferson County,
30731,Grand Prairie township,Jefferson County,
92052,Merritt precinct,Scott County,
92250,Naples-Bluffs precinct,Scott County,
93780,Winchester No. 1 precinct,Scott County,
93798,Winchester No. 2 precinct,Scott County,
45512,McClellan township,Jefferson County,
50348,Moores Prairie township,Jefferson County,
51193,Mount Vernon township,Jefferson County,
58564,Pendleton township,Jefferson County,
65377,Rome township,Jefferson County,
69511,Shiloh township,Jefferson County,
72039,Spring Garden township,Jefferson County,
79514,Webber township,Jefferson County,
90702,Central precinct,Randolph County,
90864,Coulterville precinct,Randolph County,
92358,Palestine precinct,Randolph County,
93240,Steeleville precinct,Randolph County,
93438,Tilden precinct,Randolph County,
90306,Baldwin precinct,Randolph County,
91170,Ellis Grove precinct,Randolph County,
6769,Blue Mound township,Macon County,In the Pipeline
18836,Decatur township,Macon County,In the Pipeline
93816,Winchester No. 3 precinct,Scott County,
23750,El Paso township,Woodford County,
48372,Menominee township,Jo Daviess County,
53208,Nora township,Jo Daviess County,
27988,Friends Creek township,Macon County,In the Pipeline
33240,Harristown township,Macon County,In the Pipeline
34527,Hickory Point township,Macon County,In the Pipeline
44511,Long Creek township,Macon County,In the Pipeline
47085,Maroa township,Macon County,In the Pipeline
51219,Mount Zion township,Macon County,In the Pipeline
19096,Deer Park township,La Salle County,In the Pipeline
31914,Groveland township,La Salle County,In the Pipeline
77623,Vermillion township,La Salle County,
60664,Pleasant Valley township,Jo Daviess County,
62926,Rawlins township,Jo Daviess County,
14858,Clear Lake township,Sangamon County,In the Pipeline
18160,Curran township,Sangamon County,In the Pipeline
28651,Gardner township,Sangamon County,In the Pipeline
8784,Brookville township,Ogle County,Current Clients
63472,Rice township,Jo Daviess County,
66326,Rush township,Jo Daviess County,
67938,Scales Mound township,Jo Daviess County,
52974,Niantic township,Macon County,In the Pipeline
54859,Oakley township,Macon County,In the Pipeline
71357,South Wheatland township,Macon County,
81464,Whitmore township,Macon County,In the Pipeline
75146,Thompson township,Jo Daviess County,
78799,Wards Grove township,Jo Daviess County,
78864,Warren township,Jo Daviess County,
80359,West Galena township,Jo Daviess County,
82907,Woodbine township,Jo Daviess County,
78084,Vinegar Hill township,Jo Daviess County,
93484,Union precinct,Union County,
21449,Eagle Creek township,Gallatin County,
24361,Equality township,Gallatin County,
30302,Gold Hill township,Gallatin County,
53702,North Fork township,Gallatin County,
1959,Arenzville township,Cass County,
2518,Ashland township,Cass County,
4364,Beardstown township,Cass County,
56016,Omaha township,Gallatin County,
64031,Ridgway township,Gallatin County,
69069,Shawnee township,Gallatin County,
91712,Jacksonville No. 2 precinct,Morgan County,
14299,Christy township,Lawrence County,
45200,Lukin township,Lawrence County,
32148,Hagener township,Cass County,
52662,Newmansville township,Cass County,
57550,Panther Creek township,Cass County,
59481,Philadelphia township,Cass County,
78214,Virginia township,Cass County,
92484,Pisgah precinct,Morgan County,
9421,Buffalo township,Ogle County,Current Clients
10253,Byron township,Ogle County,Current Clients
19382,Dement township,Ogle County,Current Clients
21501,Eagle Point township,Ogle County,Current Clients
26298,Flagg township,Ogle County,Current Clients
30718,Grand Detour township,Ogle County,Current Clients
40650,Lafayette township,Ogle County,Current Clients
42470,Leaf River township,Ogle County,Current Clients
43549,Lincoln township,Ogle County,Current Clients
45382,Lynnville township,Ogle County,Current Clients
46903,Marion township,Ogle County,Current Clients
47358,Maryland township,Ogle County,Current Clients
50049,Monroe township,Ogle County,Current Clients
51011,Mount Morris township,Ogle County,Current Clients
56504,Oregon-Nashua township,Ogle County,Current Clients
59975,Pine Rock township,Ogle County,Current Clients
90054,Alexander precinct,Morgan County,
90234,Arcadia precinct,Morgan County,
91711,Jacksonville No. 1 precinct,Morgan County,
91713,Jacksonville No. 3 precinct,Morgan County,
91714,Jacksonville No. 4 precinct,Morgan County,
65182,Rockvale township,Ogle County,Current Clients
81399,White Rock township,Ogle County,Current Clients
83492,Woosung township,Ogle County,Current Clients
906,Allison township,Lawrence County,
66378,Russell township,Lawrence County,
8199,Bridgeport township,Lawrence County,
68835,Shabbona township,DeKalb County,
70473,Somonauk township,DeKalb County,
90126,Anna District 1 precinct,Union County,
90144,Anna District 2 precinct,Union County,
90162,Anna District 3 precinct,Union County,
90216,Anna District 6 precinct,Union County,
23646,Elmira township,Stark County,
51993,Neoga township,Cumberland County,
76641,Union township,Cumberland County,
3246,Ayers township,Champaign County,Current Clients
90576,Cache precinct,Alexander County,
44251,Locust township,Christian County,
68302,Scott township,Ogle County,Current Clients
56276,Ora township,Jackson County,
386,Afton township,DeKalb County,
14988,Clinton township,DeKalb County,
16483,Cortland township,DeKalb County,
19174,DeKalb township,DeKalb County,
32265,Hall township,Bureau County,
45928,Macon township,Bureau County,
27650,Franklin township,DeKalb County,
28911,Genoa township,DeKalb County,
40078,Kingston township,DeKalb County,
46292,Malta township,DeKalb County,
47696,Mayfield township,DeKalb County,
48983,Milan township,DeKalb County,
58200,Paw Paw township,DeKalb County,
59676,Pierce township,DeKalb County,
67561,Sandwich township,DeKalb County,
70837,South Grove township,DeKalb County,
74236,Sycamore township,DeKalb County,
73365,Sugar Creek township,Clinton County,
27832,Freedom township,Carroll County,
27195,Foster township,Marion County,
93640,Waverly No. 1 precinct,Morgan County,
72598,Stevenson township,Marion County,
6626,Bloomington township,McLean County,Current Clients
6639,Bloomington City township,McLean County,Current Clients
12905,Cheney's Grove township,McLean County,Current Clients
24140,Empire township,McLean County,Current Clients
36451,Hudson township,McLean County,Current Clients
91278,Franklin precinct,Morgan County,
91715,Jacksonville No. 5 precinct,Morgan County,
11436,Carrigan township,Marion County,
32187,Haines township,Marion County,
47826,Meacham township,Marion County,
62445,Raccoon township,Marion County,
65240,Rocky Run-Wilcox township,Hancock County,
16574,Cotton Hill township,Sangamon County,In the Pipeline
25323,Fancy Creek township,Sangamon County,In the Pipeline
17250,Crane Creek township,Mason County,
39870,Kilbourne township,Mason County,
67353,Salt Creek township,Mason County,
69329,Sherman township,Mason County,
15482,Colfax township,Champaign County,Current Clients
15976,Compromise township,Champaign County,Current Clients
24569,Evans township,Marshall County,
16080,Condit township,Champaign County,Current Clients
17588,Crittenden township,Champaign County,Current Clients
55288,Ogden township,Champaign County,Current Clients
59286,Pesotum township,Champaign County,Current Clients
93050,Rosiclare precinct,Hardin County,
42093,La Prairie township,Marshall County,
63589,Richland township,Marshall County,
67691,Saratoga township,Marshall County,
59546,Philo township,Champaign County,Current Clients
72273,Stanton township,Champaign County,Current Clients
75627,Tolono township,Champaign County,Current Clients
81230,Whitefield township,Marshall County,
37946,Iuka township,Marion County,
1348,Amity township,Livingston County,
29106,Germanville township,Livingston County,
6483,Blandinsville township,McDonough County,
12333,Chalmers township,McDonough County,
24101,Emmet township,McDonough County,
45902,Macomb township,McDonough County,
45915,Macomb City township,McDonough County,
21566,East Bend township,Champaign County,Current Clients
33422,Harwood township,Champaign County,Current Clients
39688,Kerr township,Champaign County,Current Clients
46149,Mahomet township,Champaign County,Current Clients
52376,Newcomb township,Champaign County,Current Clients
62952,Raymond township,Champaign County,Current Clients
68250,Scotland township,McDonough County,
2908,Auburn township,Clark County,
66547,Sadorus township,Champaign County,Current Clients
68289,Scott township,Champaign County,Current Clients
69888,Sidney township,Champaign County,Current Clients
70863,South Homer township,Champaign County,Current Clients
92995,Rock precinct,Hardin County,
37023,Illini township,Macon County,In the Pipeline
12398,Champaign township,Champaign County,Current Clients
12411,Champaign City township,Champaign County,Current Clients
18121,Cunningham township,Champaign County,Current Clients
51076,Mount Pleasant township,Whiteside County,In the Pipeline
19941,Dillon township,Tazewell County,In the Pipeline
36139,Hopedale township,Tazewell County,In the Pipeline
34189,Hensley township,Champaign County,Current Clients
45187,Ludlow township,Champaign County,Current Clients
62796,Rantoul township,Champaign County,Current Clients
66963,St. Joseph township,Champaign County,Current Clients
70382,Somer township,Champaign County,Current Clients
77018,Urbana township,Champaign County,Current Clients
9057,Bruce township,La Salle County,In the Pipeline
27845,Freedom township,La Salle County,In the Pipeline
21709,East Eldorado township,Saline County,
28274,Galatia township,Saline County,
83076,Woodland township,Carroll County,
66456,Rutland township,La Salle County,In the Pipeline
33149,Harrisburg township,Saline County,
93420,Thebes precinct,Alexander County,
71136,South Palmyra township,Macoupin County,
10357,Cahokia township,Macoupin County,
71123,South Otter township,Macoupin County,
13178,Chesterfield township,Macoupin County,
29249,Gillespie township,Macoupin County,
20383,Dorchester township,Macoupin County,
3792,Barr township,Macoupin County,
70200,Smallwood township,Jasper County,
60677,Pleasant View township,Macon County,In the Pipeline
41885,Lancaster township,Stephenson County,
69953,Silver Creek township,Stephenson County,
37205,Independence township,Saline County,
44485,Long Branch township,Saline County,
62601,Raleigh township,Saline County,
63030,Rector township,Saline County,
74509,Tate township,Saline County,
50842,Mount Auburn township,Christian County,
90432,Blairsville precinct,Williamson County,
91062,East Marion precinct,Williamson County,
91548,Grassy precinct,Williamson County,
93690,West Marion precinct,Williamson County,
66222,Rozetta township,Henderson County,
23932,Elwood township,Vermilion County,
28339,Galesburg township,Knox County,In the Pipeline
34020,Henderson township,Knox County,In the Pipeline
56315,Orange township,Knox County,In the Pipeline
91566,Greenview No. 6 precinct,Menard County,
92286,Oakford No. 9 precinct,Menard County,
93096,Sandridge No. 8 precinct,Menard County,
24478,Essex township,Stark County,
30627,Goshen township,Stark County,
360,Aetna township,Logan County,
23282,Elkhart township,Logan County,
56705,Orvil township,Logan County,
61574,Prairie Creek township,Logan County,
80593,West Lincoln township,Logan County,
91476,Grand Chain precinct,Pulaski County,
93474,Ullin precinct,Pulaski County,
93564,Villa Ridge precinct,Pulaski County,
91224,Exeter-Bluffs precinct,Scott County,
47631,May township,Christian County,
83700,Wysox township,Carroll County,
38882,Kane township,Greene County,
64824,Rockbridge township,Greene County,
81269,White Hall township,Greene County,
90346,Belknap precinct,Johnson County,
90594,Cache precinct,Johnson County,
91458,Goreville No. 2 precinct,Johnson County,
93456,Tunnel Hill precinct,Johnson County,
24387,Erie township,Whiteside County,In the Pipeline
45291,Lyndon township,Whiteside County,In the Pipeline
58603,Penn township,Stark County,
80489,West Jersey township,Stark County,
6678,Blount township,Vermilion County,
10162,Butler township,Vermilion County,
11449,Carroll township,Vermilion County,
11787,Catlin township,Vermilion County,
52857,Newton township,Whiteside County,In the Pipeline
61262,Portland township,Whiteside County,In the Pipeline
90972,Dongola District 1 precinct,Union County,
2544,Ashley township,Washington County,
4442,Beaucoup township,Washington County,
7172,Bolo township,Washington County,
20877,Du Bois township,Washington County,
37790,Irvington township,Washington County,
3194,Avoca township,Livingston County,
4780,Belle Prairie township,Livingston County,
8888,Broughton township,Livingston County,
12606,Charlotte township,Livingston County,
12723,Chatsworth township,Livingston County,
21371,Dwight township,Livingston County,
28443,Galva township,Henry County,
90504,Bremen precinct,Randolph County,
90738,Chester precinct,Randolph County,
91206,Evansville precinct,Randolph County,
92520,Prairie du Rocher precinct,Randolph County,
92970,Red Bud precinct,Randolph County,
93060,Ruma precinct,Randolph County,
93222,Sparta precinct,Randolph County,
18576,Danville township,Vermilion County,
28976,Georgetown township,Vermilion County,
30965,Grant township,Vermilion County,
38453,Johannisburg township,Washington County,
44108,Lively Grove township,Washington County,
51713,Nashville township,Washington County,
59858,Pilot Knob township,Washington County,
60807,Plum Hill township,Washington County,
42951,LeRoy township,Boone County,In the Pipeline
46318,Manchester township,Boone County,In the Pipeline
61158,Poplar Grove township,Boone County,In the Pipeline
44953,Love township,Vermilion County,
45772,McKendree township,Vermilion County,
48775,Middlefork township,Vermilion County,
63732,Richview township,Washington County,
24309,Eppards Point township,Livingston County,
24426,Esmen township,Livingston County,
71578,Spring township,Boone County,In the Pipeline
12996,Cherry Grove-Shannon township,Carroll County,
24881,Fairhaven township,Carroll County,
25700,Fayette township,Livingston County,
27039,Forrest township,Livingston County,
37244,Indian Grove township,Livingston County,
44589,Long Point township,Livingston County,
52077,Nevada township,Livingston County,
52883,Newtown township,Livingston County,
55184,Odell township,Livingston County,
50894,Mount Carroll township,Carroll County,
11631,Casey township,Clark County,
24088,Emma township,White County,
33591,Hawthorne township,White County,
49360,Mill Shoals township,White County,
64892,Rock Creek-Lima township,Carroll County,
67210,Salem township,Carroll County,
67834,Savanna township,Carroll County,
79020,Washington township,Carroll County,
83908,York township,Carroll County,
52454,Newell township,Vermilion County,
55015,Oakwood township,Vermilion County,
59832,Pilot township,Vermilion County,
57056,Owego township,Livingston County,
59780,Pike township,Livingston County,
60612,Pleasant Ridge township,Livingston County,
61028,Pontiac township,Livingston County,
63017,Reading township,Livingston County,
65988,Round Grove township,Livingston County,
1504,Andover township,Henry County,
80190,Western township,Henry County,
69849,Sidell township,Vermilion County,
71227,South Ross township,Vermilion County,
7562,Bowling Green township,Fayette County,
39116,Kaskaskia township,Fayette County,
69017,Sharon township,Fayette County,
67808,Saunemin township,Livingston County,
73482,Sullivan township,Livingston County,
76680,Union township,Livingston County,
90288,Balcom precinct,Union County,
90756,Cobden District 1 precinct,Union County,
90666,Cave-In-Rock precinct,Hardin County,
91998,McFarlan precinct,Hardin County,
92170,Monroe precinct,Hardin County,
90774,Cobden District 2 precinct,Union County,
90990,Dongola District 2 precinct,Union County,
77304,Vance township,Vermilion County,
11891,Cedar township,Knox County,In the Pipeline
13217,Chestnut township,Knox County,In the Pipeline
16275,Copley township,Knox County,In the Pipeline
22879,Elba township,Knox County,In the Pipeline
33552,Haw Creek township,Knox County,In the Pipeline
37361,Indian Point township,Knox County,In the Pipeline
40403,Knox township,Knox County,In the Pipeline
46708,Maquon township,Knox County,In the Pipeline
9122,Brushy township,Saline County,
16535,Cottage township,Saline County,
70967,South Macon township,Macon County,In the Pipeline
93276,Stone Church precinct,Hardin County,
56172,Ontario township,Knox County,In the Pipeline
59221,Persifer township,Knox County,In the Pipeline
64161,Rio township,Knox County,In the Pipeline
67223,Salem township,Knox County,In the Pipeline
71435,Sparta township,Knox County,In the Pipeline
7731,Bradley township,Jackson County,
91872,Lick Creek precinct,Union County,
92142,Mill Creek precinct,Union County,
93258,Stokes precinct,Union County,
5105,Belvidere township,Boone County,In the Pipeline
14884,Clement township,Clinton County,
7302,Bonus township,Boone County,In the Pipeline
7328,Boone township,Boone County,
10435,Caledonia township,Boone County,In the Pipeline
38180,Jamaica township,Vermilion County,
5638,Bethel township,McDonough County,
76303,Truro township,Knox County,In the Pipeline
77824,Victoria township,Knox County,In the Pipeline
11306,Carmi township,White County,
23789,Elsah township,Jersey County,
19629,De Soto township,Jackson County,
27260,Fountain Bluff township,Jackson County,
40104,Kinkaid township,Jackson County,
10123,Bushnell township,McDonough County,
15391,Colchester township,McDonough County,
22996,Eldorado township,McDonough County,
45265,Lynchburg township,Mason County,
35333,Hire township,McDonough County,
37452,Industry township,McDonough County,
93312,Sugar Grove No. 5 precinct,Menard County,
8914,Brown township,Champaign County,Current Clients
40741,Lagrange township,Bond County,
55730,Old Ripley township,Bond County,
74418,Tamalco township,Bond County,
503,Alba township,Henry County,
1582,Annawan township,Henry County,
2739,Atkinson township,Henry County,
9824,Burns township,Henry County,
15040,Clover township,Henry County,
15677,Colona township,Henry County,
16444,Cornwall township,Henry County,
22476,Edford township,Henry County,
28859,Geneseo township,Henry County,
32642,Hanna township,Henry County,
39740,Kewanee township,Henry County,
44732,Loraine township,Henry County,
15014,Clintonia township,De Witt County,
17302,Creek township,De Witt County,
93156,Shelby No. 2 precinct,Edwards County,
33058,Harp township,De Witt County,
45304,Lynn township,Henry County,
51388,Munson township,Henry County,
56809,Osco township,Henry County,
57108,Oxford township,Henry County,
59462,Phenix township,Henry County,
79722,Weller township,Henry County,
80983,Wethersfield township,Henry County,
84012,Yorktown township,Henry County,
60300,Plainfield township,Will County,
63108,Reed township,Will County,
76212,Troy township,Will County,In the Pipeline
79059,Washington township,Will County,
79865,Wesley township,Will County,
18433,Dallas City township,Hancock County,
51804,Nauvoo township,Hancock County,
74769,Texas township,De Witt County,
76342,Tunbridge township,De Witt County,
78786,Wapella township,De Witt County,
59845,Pilot Grove township,Hancock County,
61093,Pontoosuc township,Hancock County,
16262,Cooperstown township,Brown County,
82140,Wilson township,De Witt County,
72793,Stockton township,Jo Daviess County,
11241,Carlyle township,Clinton County,
40871,Lake township,Clinton County,
2466,Ash Grove township,Shelby County,
39818,Kickapoo township,Peoria County,Current Clients
48099,Medina township,Peoria County,Current Clients
90612,Cairo precinct,Alexander County,
93402,Tamms precinct,Alexander County,
72182,Squaw Grove township,DeKalb County,
3051,Austin township,Macon County,In the Pipeline
81035,Wheatland township,Will County,
82114,Wilmington township,Will County,
12580,Charleston township,Coles County,
36880,Hutton township,Coles County,
90018,Adkins precinct,Massac County,
91026,East Brooklyn precinct,Massac County,
5235,Bennington township,Marshall County,
3090,Aux Sable township,Grundy County,
59663,Pickaway township,Shelby County,
5313,Benton township,Franklin County,
19421,Denning township,Franklin County,
76576,Tyrone township,Franklin County,
91494,Grant precinct,Massac County,
91638,Hillerman precinct,Massac County,
29028,German township,Richland County,
46006,Madison township,Richland County,
61847,Preston township,Richland County,
68783,Seward township,Winnebago County,In the Pipeline
90198,Anna District 5 precinct,Union County,
69615,Shirland township,Winnebago County,In the Pipeline
36152,Hopewell township,Marshall County,
7653,Braceville township,Grundy County,
24400,Erienna township,Grundy County,
25778,Felix township,Grundy County,
28677,Garfield township,Grundy County,
82335,Windsor township,Shelby County,
91692,Jackson precinct,Massac County,
92088,Metropolis No. 2 precinct,Massac County,
92106,Metropolis No. 3 precinct,Massac County,
93672,West Brooklyn precinct,Massac County,
26441,Flora township,Boone County,In the Pipeline
3753,Barnhill township,Wayne County,
64876,Rock Creek township,Hancock County,
67054,St. Mary township,Hancock County,
30432,Goodfarm township,Grundy County,
31381,Greenfield township,Grundy County,
34657,Highland township,Grundy County,
46175,Maine township,Grundy County,
34176,Henry township,Marshall County,
4559,Bedford township,Wayne County,
5521,Berry township,Wayne County,
47800,Mazon township,Grundy County,
91260,Franklin precinct,Massac County,
91656,Indian Creek No. 7 precinct,Menard County,
70499,Sonora township,Hancock County,
36854,Hutsonville township,Crawford County,
41833,Lamotte township,Crawford County,
50205,Montgomery township,Crawford County,
64720,Robinson township,Crawford County,
71344,Southwest township,Crawford County,
79345,Wauponsee township,Grundy County,
50504,Morris township,Grundy County,
52038,Nettle Creek township,Grundy County,
27364,Four Mile township,Wayne County,
28534,Garden Hill township,Wayne County,
31953,Grover township,Wayne County,
34501,Hickory Hill township,Wayne County,
53286,Norman township,Grundy County,
77850,Vienna township,Grundy County,
37387,Indian Prairie township,Wayne County,
72585,Steuben township,Marshall County,
2700,Athensville township,Greene County,
38258,Jasper township,Wayne County,
39285,Keith township,Wayne County,
6860,Bluffdale township,Greene County,
43809,Linder township,Greene County,
91674,Irish Grove No. 4 precinct,Menard County,
41755,Lamard township,Wayne County,
47501,Massilon township,Wayne County,
92441,Petersburg West No. 16 precinct,Menard County,
91908,Lincoln precinct,Massac County,
23152,Eliza township,Mercer County,
31342,Greene township,Mercer County,
57290,Palestine township,Woodford County,
57537,Panola township,Woodford County,
58018,Partridge township,Woodford County,
71611,Spring Bay township,Woodford County,
83544,Worth township,Woodford County,
66729,St. Clair township,St. Clair County,
50946,Mount Erie township,Wayne County,
56367,Orchard township,Wayne County,
56510,Orel township,Wayne County,
64603,Roanoke township,Woodford County,
2297,Arrington township,Wayne County,
92502,Point precinct,Calhoun County,
48476,Meridian township,Clinton County,
77174,Valley township,Stark County,
30146,Gold township,Bureau County,
27897,Freeport township,Stephenson County,
82556,Winslow township,Stephenson County,
7198,Bond township,Lawrence County,
19395,Denison township,Lawrence County,
42379,Lawrence township,Lawrence County,
59377,Petty township,Lawrence County,
9226,Buckeye township,Stephenson County,
44758,Loran township,Stephenson County,
2648,Astoria township,Fulton County,
3584,Banner township,Fulton County,
5469,Bernadotte township,Fulton County,
9265,Buckheart township,Fulton County,
2596,Ashton township,Lee County,
65143,Rock Run township,Stephenson County,
11020,Canton township,Fulton County,
23542,Ellisville township,Fulton County,
25076,Fairview township,Fulton County,
25427,Farmers township,Fulton County,
38713,Joshua township,Fulton County,
27695,Franklin Grove township,Lee County,
20175,Dixon township,Lee County,
21865,East Grove township,Lee County,
32447,Hamilton township,Lee County,
46890,Marion township,Lee County,
47644,May township,Lee County,
30094,Godfrey village,Madison County,
51960,Nelson township,Lee County,
57316,Palmyra township,Lee County,
70694,South Dixon township,Lee County,
73300,Sublette township,Lee County,
78110,Viola township,Lee County,
81971,Willow Creek township,Lee County,
81711,Will township,Will County,
68757,Seward township,Kendall County,In the Pipeline
68757,Seward township,Kendall County,In the Pipeline
59065,Peotone township,Will County,
7536,Bowlesville township,Gallatin County,
65624,Roscoe township,Winnebago County,In the Pipeline
9915,Burritt township,Winnebago County,In the Pipeline
13087,Cherry Valley township,Winnebago County,In the Pipeline
90792,Coffee precinct,Wabash County,
91854,Lancaster precinct,Wabash County,
21293,Durand township,Winnebago County,In the Pipeline
32928,Harlem township,Winnebago County,In the Pipeline
33188,Harrison township,Winnebago County,In the Pipeline
42054,Laona township,Winnebago County,In the Pipeline
57069,Owen township,Winnebago County,In the Pipeline
65013,Rockford township,Winnebago County,In the Pipeline
65169,Rockton township,Winnebago County,In the Pipeline
82504,Winnebago township,Winnebago County,In the Pipeline
1686,Apple River township,Jo Daviess County,
5495,Berreman township,Jo Daviess County,
18355,Dakota township,Stephenson County,
24413,Erin township,Stephenson County,
26506,Florence township,Stephenson County,
91242,Fancy Prairie No. 3 precinct,Menard County,
91782,Jonesboro District 2 precinct,Union County,
90180,Anna District 4 precinct,Union County,
16639,Council Hill township,Jo Daviess County,
19551,Derinda township,Jo Daviess County,
21202,Dunleith township,Jo Daviess County,
23178,Elizabeth township,Jo Daviess County,
31979,Guilford township,Jo Daviess County,
32720,Hanover township,Jo Daviess County,
32902,Harlem township,Stephenson County,
38284,Jefferson township,Stephenson County,
39610,Kent township,Stephenson County,
56120,Oneco township,Stephenson County,
65065,Rock Grove township,Stephenson County,
91792,Jonesboro District 3 precinct,Union County,
90224,Anna District 7 precinct,Union County,
78318,Waddams township,Stephenson County,
80788,West Point township,Stephenson County,
5157,Bement township,Piatt County,
91314,Friendsville precinct,Wabash County,
92214,Mount Carmel precinct,Wabash County,
53247,Normal township,McLean County,Current Clients
53052,Nilwood township,Macoupin County,
93582,Wabash precinct,Wabash County,
90810,Compton precinct,Wabash County,
30523,Goose Creek township,Piatt County,
50257,Monticello township,Piatt County,
67587,Sangamon township,Piatt County,
81906,Willow Branch township,Piatt County,
11280,Carman township,Henderson County,
29444,Gladstone township,Henderson County,
44394,Lomax township,Henderson County,
7289,Bonpas township,Richland County,
55925,Olney township,Richland County,
67639,Santa Anna township,De Witt County,
48086,Media township,Henderson County,
56250,Oquawka township,Henderson County,
73274,Stronghurst township,Henderson County,
45330,Lynn township,Knox County,In the Pipeline
64187,Ripley township,Brown County,
3714,Barnett township,De Witt County,
19785,De Witt township,De Witt County,
66469,Rutledge township,De Witt County,
59897,Pine Creek township,Ogle County,Current Clients
59897,Pine Creek township,Ogle County,Current Clients
74730,Terre Haute township,Henderson County,
22632,Edgington township,Rock Island County,In the Pipeline
10656,Cambridge township,Henry County,
750,Alhambra township,Madison County,In the Pipeline
27130,Fort Russell township,Madison County,In the Pipeline
32421,Hamel township,Madison County,In the Pipeline
46877,Marine township,Madison County,In the Pipeline
52428,New Douglas township,Madison County,In the Pipeline
63407,Reynolds township,Lee County,
55834,Olive township,Madison County,In the Pipeline
60014,Pin Oak township,Madison County,In the Pipeline
66872,St. Jacob township,Madison County,In the Pipeline
83284,Wood River township,Madison County,In the Pipeline
4910,Bellflower township,McLean County,Current Clients
18381,Dale township,McLean County,Current Clients
20656,Downs township,McLean County,Current Clients
42652,Leef township,Madison County,In the Pipeline
74288,Symmes township,Edgar County,
10032,Burton township,McHenry County,
16314,Coral township,McHenry County,
33305,Hartland township,McHenry County,
3025,Aurora township,Kane County,
66716,St. Charles township,Kane County,
58421,Pecatonica township,Winnebago County,In the Pipeline
91840,Lake No. 1 precinct,Johnson County,
93546,Vienna No. 2 precinct,Johnson County,
91842,Lake No. 2 precinct,Johnson County,
5872,Big Grove township,Kendall County,In the Pipeline
8368,Bristol township,Kendall County,In the Pipeline
8368,Bristol township,Kendall County,In the Pipeline
27416,Fox township,Kendall County,In the Pipeline
27416,Fox township,Kendall County,In the Pipeline
27416,Fox township,Kendall County,In the Pipeline
44043,Little Rock township,Kendall County,In the Pipeline
44043,Little Rock township,Kendall County,In the Pipeline
90450,Bloomfield precinct,Johnson County,
51531,Na-Au-Say township,Kendall County,
80736,West Peoria city,Peoria County,
65195,Rockville township,Kankakee County,
93206,South Jacksonville No. 1 precinct,Morgan County,
9291,Buckhorn township,Brown County,
23308,Elkhorn township,Brown County,
90558,Burnside precinct,Johnson County,
91188,Elvira precinct,Johnson County,
91440,Goreville No. 1 precinct,Johnson County,
91512,Grantsburg No. 1 precinct,Johnson County,
58538,Pembroke township,Kankakee County,
59819,Pilot township,Kankakee County,
66651,St. Anne township,Kankakee County,
73690,Sumner township,Kankakee County,
91530,Grantsburg No. 2 precinct,Johnson County,
92340,Ozark precinct,Johnson County,
39714,Kerton township,Fulton County,
42574,Lee township,Fulton County,
43068,Lewistown township,Fulton County,
93168,Simpson precinct,Johnson County,
93528,Vienna No. 1 precinct,Johnson County,
93552,Vienna No. 3 precinct,Johnson County,
44134,Liverpool township,Fulton County,
893,Allin township,McLean County,Current Clients
1374,Anchor township,McLean County,Current Clients
2369,Arrowsmith township,McLean County,Current Clients
2245,Aroma township,Kankakee County,
7484,Bourbonnais township,Kankakee County,
33266,Harter township,Clay County,
36087,Hoosier township,Clay County,
42158,Larkinsburg township,Clay County,
56588,Orion township,Fulton County,
60430,Pleasant township,Fulton County,
62276,Putman township,Fulton County,
93210,South Jacksonville No. 3 precinct,Morgan County,
93208,South Jacksonville No. 2 precinct,Morgan County,
76667,Union township,Fulton County,
15404,Coldbrook township,Warren County,
23516,Ellison township,Warren County,
26610,Floyd township,Warren County,
77798,Victor township,DeKalb County,
31277,Greenbush township,Warren County,
92232,Murrayville precinct,Morgan County,
1465,Anderson township,Clark County,
20461,Douglas township,Clark County,
54794,Oakland township,Schuyler County,
2492,Ashkum township,Iroquois County,
5014,Belmont township,Iroquois County,
48814,Middleport township,Iroquois County,
61665,Prairie Green township,Iroquois County,
39396,Kelly township,Warren County,
42847,Lenox township,Warren County,
50023,Monmouth township,Warren County,
77655,Vermont township,Fulton County,
56302,Orange township,Clark County,
1101,Alto township,Lee County,
6938,Bluff Springs township,Cass County,
92555,Precinct 2,Monroe County,
92560,Precinct 3,Monroe County,
2401,Artesia township,Iroquois County,
4455,Beaver township,Iroquois County,
74093,Swan township,Warren County,
83089,Woodland township,Fulton County,
84077,Young Hickory township,Fulton County,
40130,Kinmundy township,Marion County,
92565,Precinct 4,Monroe County,
92570,Precinct 5,Monroe County,
55223,Odin township,Marion County,
92580,Precinct 7,Monroe County,
92585,Precinct 8,Monroe County,
92590,Precinct 9,Monroe County,
65858,Roseville township,Warren County,
4520,Beaverville township,Iroquois County,
17367,Crescent township,Iroquois County,
20487,Douglas township,Iroquois County,
27286,Fountain Creek township,Iroquois County,
56055,Omega township,Marion County,
67457,Sandoval township,Marion County,
58070,Patoka township,Marion County,
932,Alma township,Marion County,
23321,Elkhorn Grove township,Carroll County,
92610,Precinct 13,Monroe County,
92625,Precinct 16,Monroe County,
92630,Precinct 17,Monroe County,
92635,Precinct 18,Monroe County,
92640,Precinct 19,Monroe County,
37725,Iroquois township,Iroquois County,
44277,Loda township,Iroquois County,
44979,Lovejoy township,Iroquois County,
49061,Milford township,Iroquois County,
92600,Precinct 11,Monroe County,
92615,Precinct 14,Monroe County,
92665,Precinct 24,Monroe County,
92680,Precinct 27,Monroe County,
92645,Precinct 20,Monroe County,
92660,Precinct 23,Monroe County,
92670,Precinct 25,Monroe County,
92675,Precinct 26,Monroe County,
92690,Precinct 29,Monroe County,
92695,Precinct 30,Monroe County,
3831,Barrington township,Cook County,Current Clients
5586,Berwyn township,Cook County,
72416,Staunton township,Macoupin County,
14793,Clayton township,Woodford County,
49074,Milks Grove township,Iroquois County,
56094,Onarga township,Iroquois County,
57589,Papineau township,Iroquois County,
59767,Pigeon Grove township,Iroquois County,
63901,Ridgeland township,Iroquois County,
91980,McClure precinct,Alexander County,
92304,Olive Branch precinct,Alexander County,
93114,Sandusky precinct,Alexander County,
69225,Sheldon township,Iroquois County,
7627,Boynton township,Tazewell County,In the Pipeline
14403,Cincinnati township,Tazewell County,In the Pipeline
18953,Deer Creek township,Tazewell County,In the Pipeline
28833,Genesee township,Whiteside County,In the Pipeline
32174,Hahnaman township,Whiteside County,In the Pipeline
36178,Hopkins township,Whiteside County,In the Pipeline
36581,Hume township,Whiteside County,In the Pipeline
19239,Delavan township,Tazewell County,In the Pipeline
23607,Elm Grove township,Tazewell County,In the Pipeline
26636,Fondulac township,Tazewell County,In the Pipeline
50270,Montmorency township,Whiteside County,In the Pipeline
92700,Precinct 31,Monroe County,
92705,Precinct 32,Monroe County,
92710,Precinct 33,Monroe County,
92715,Precinct 34,Monroe County,
92720,Precinct 35,Monroe County,
92725,Precinct 36,Monroe County,
10474,Calumet township,Cook County,
14364,Cicero township,Cook County,
42808,Lemont township,Cook County,
52909,New Trier township,Cook County,
24192,Enfield township,White County,
34228,Heralds Prairie township,White County,
63745,Richwood township,Jersey County,
38401,Jersey township,Jersey County,
49672,Mississippi township,Jersey County,
56952,Otter Creek township,Jersey County,
59598,Piasa township,Jersey County,
62354,Quarry township,Jersey County,
65689,Rosedale township,Jersey County,
42990,Levan township,Jackson County,
51466,Murphysboro township,Jackson County,
92650,Precinct 21,Monroe County,
67522,Sand Ridge township,Jackson County,
31940,Groveland township,Tazewell County,In the Pipeline
35359,Hittle township,Tazewell County,In the Pipeline
45792,Mackinaw township,Tazewell County,In the Pipeline
46435,Manlius township,Bureau County,
46266,Malone township,Tazewell County,In the Pipeline
50634,Morton township,Tazewell County,In the Pipeline
58460,Pekin township,Tazewell County,In the Pipeline
65520,Rooks Creek township,Livingston County,
4169,Bath township,Mason County,
77538,Vergennes township,Jackson County,
30783,Grand Tower township,Jackson County,
60963,Pomona township,Jackson County,
17627,Crook township,Hamilton County,
40299,Knight Prairie township,Hamilton County,
92620,Precinct 15,Monroe County,
92655,Precinct 22,Monroe County,
0,County subdivisions not defined,Cook County,
7939,Bremen township,Cook County,
32694,Hanover township,Cook County,Current Clients
53013,Niles township,Cook County,In the Pipeline
62133,Proviso township,Cook County,
75198,Thornton township,Cook County,
53676,Northfield township,Cook County,Current Clients
54430,Norwood Park township,Cook County,
54898,Oak Park township,Cook County,
56614,Orland township,Cook County,
36802,Hurricane township,Fayette County,
40533,La Clede township,Fayette County,
44459,Lone Grove township,Fayette County,
56913,Otego township,Fayette County,
68926,Shafter township,Fayette County,
81022,Wheatland township,Fayette County,
81568,Wilberton township,Fayette County,
70408,Somerset township,Jackson County,
72130,Spring Lake township,Tazewell County,In the Pipeline
75978,Tremont township,Tazewell County,In the Pipeline
79046,Washington township,Tazewell County,
75796,Toulon township,Stark County,
57238,Palatine township,Cook County,Current Clients
57355,Palos township,Cook County,
64434,Riverside township,Cook County,
68016,Schaumburg township,Cook County,Current Clients
9590,Bunker Hill township,Macoupin County,
8277,Brighton township,Macoupin County,
529,Albany township,Whiteside County,In the Pipeline
62640,Ramsey township,Fayette County,
68549,Sefton township,Fayette County,
55483,Okawville township,Washington County,
54599,Oakdale township,Washington County,
15651,Coloma township,Whiteside County,In the Pipeline
25817,Fenton township,Whiteside County,In the Pipeline
28157,Fulton township,Whiteside County,In the Pipeline
28586,Garden Plain township,Whiteside County,In the Pipeline
763,Allen township,La Salle County,In the Pipeline
8583,Brookfield township,La Salle County,In the Pipeline
18784,Dayton township,La Salle County,In the Pipeline
45447,Lyons township,Cook County,
81100,Wheeling township,Cook County,Current Clients
6067,Bird township,Macoupin County,
9135,Brushy Mound township,Macoupin County,
27390,Fox township,Jasper County,
19980,Dimmick township,La Salle County,In the Pipeline
21436,Eagle township,La Salle County,In the Pipeline
21527,Earl township,La Salle County,In the Pipeline
22424,Eden township,La Salle County,In the Pipeline
25284,Fall River township,La Salle County,In the Pipeline
25583,Farm Ridge township,La Salle County,In the Pipeline
30744,Grand Rapids township,La Salle County,In the Pipeline
11209,Carlinville township,Macoupin County,
29405,Girard township,Macoupin County,
35242,Hillyard township,Macoupin County,
35996,Honey Point township,Macoupin County,
77070,Ustick township,Whiteside County,In the Pipeline
23217,Elk township,Jackson County,
844,Allens Grove township,Mason County,
36100,Hope township,La Salle County,In the Pipeline
42197,LaSalle township,La Salle County,In the Pipeline
46448,Manlius township,La Salle County,In the Pipeline
48346,Mendota township,La Salle County,In the Pipeline
48463,Meriden township,La Salle County,In the Pipeline
49204,Miller township,La Salle County,In the Pipeline
51037,Mount Olive township,Macoupin County,
54040,North Otter township,Macoupin County,
26766,Forest City township,Mason County,
33526,Havana township,Mason County,
46396,Manito township,Mason County,
58629,Pennsylvania township,Mason County,
62419,Quiver township,Mason County,
54053,North Palmyra township,Macoupin County,
60924,Polk township,Macoupin County,
49646,Mission township,La Salle County,In the Pipeline
54248,Northville township,La Salle County,In the Pipeline
56731,Osage township,La Salle County,In the Pipeline
56939,Ottawa township,La Salle County,In the Pipeline
56965,Otter Creek township,La Salle County,In the Pipeline
68419,Scottville township,Macoupin County,
69121,Shaws Point township,Macoupin County,
69576,Shipman township,Macoupin County,
78162,Virden township,Macoupin County,
126,Abington township,Mercer County,
80229,Western Mound township,Macoupin County,
61990,Prophetstown township,Whiteside County,In the Pipeline
72553,Sterling township,Whiteside County,In the Pipeline
74483,Tampico township,Whiteside County,In the Pipeline
76758,Union Grove township,Whiteside County,In the Pipeline
50364,Moraine township,Lake County,
78877,Warren township,Lake County,
84233,Zion township,Lake County,
12210,Centreville township,St. Clair County,
69550,Shiloh Valley township,St. Clair County,
72988,Stookey township,St. Clair County,
49399,Millstadt township,St. Clair County,
91965,Lynnville-Markham precinct,Morgan County,
92041,Meredosia precinct,Morgan County,
90725,Chapin-Concord precinct,Morgan County,
