Label,State,County,Township
In the Pipeline,ILLINOIS,DuPage,Addison
In the Pipeline,ILLINOIS,McHenry,Algonquin
Current Clients,ILLINOIS,Cook,Barrington
Current Clients,ILLINOIS,DuPage,Downers Grove
In the Pipeline,ILLINOIS,Kane,Dundee
In the Pipeline,ILLINOIS,Cook,Elk Grove
Current Clients,ILLINOIS,Kane,Geneva
Current Clients,ILLINOIS,Cook,Hanover
In the Pipeline,ILLINOIS,DuPage,Lisle
In the Pipeline,ILLINOIS,DuPage,Naperville
In the Pipeline,ILLINOIS,Cook,Niles
Current Clients,ILLINOIS,Cook,Northfield
In the Pipeline,ILLINOIS,McHenry,Nunda
Current Clients,ILLINOIS,Cook,Palatine
Current Clients,ILLINOIS,Cook,Schaumburg
Current Clients,ILLINOIS,Lake,Shields
In the Pipeline,ILLINOIS,Kane,St Charles
In the Pipeline,ILLINOIS,Will,Troy
Current Clients,ILLINOIS,Lake,Vernon
Current Clients,ILLINOIS,DuPage,Wayne
In the Pipeline,ILLINOIS,Lake,West Deerfield
Current Clients,ILLINOIS,Cook,Wheeling
Current Clients,ILLINOIS,DuPage,York
Current Clients,ILLINOIS,Ogle,Buffalo
Current Clients,ILLINOIS,Ogle,Byron
Current Clients,ILLINOIS,Ogle,Dement
Current Clients,ILLINOIS,Ogle,Eagle Point
Current Clients,ILLINOIS,Ogle,Flagg
Current Clients,ILLINOIS,Ogle,Forreston
Current Clients,ILLINOIS,Ogle,Lafayette
Current Clients,ILLINOIS,Ogle,Leaf River
Current Clients,ILLINOIS,Ogle,Lynnville
Current Clients,ILLINOIS,Ogle,Marion
Current Clients,ILLINOIS,Ogle,Maryland
Current Clients,ILLINOIS,Ogle,Monroe
Current Clients,ILLINOIS,Ogle,Mount Morris
Current Clients,ILLINOIS,Ogle,Pine Creek
Current Clients,ILLINOIS,Ogle,Rochelle
Current Clients,ILLINOIS,Ogle,Rockvale
Current Clients,ILLINOIS,Ogle,Scott
Current Clients,ILLINOIS,Ogle,Pine Creek
Current Clients,ILLINOIS,Ogle,White Rock
Current Clients,ILLINOIS,Champaign,Brown
Current Clients,ILLINOIS,Champaign,Champaign
Current Clients,ILLINOIS,Champaign,Colfax
Current Clients,ILLINOIS,Champaign,Compromise
Current Clients,ILLINOIS,Champaign,Condit
Current Clients,ILLINOIS,Champaign,Crittenden
Current Clients,ILLINOIS,Champaign,Ludlow
Current Clients,ILLINOIS,Champaign,Mahomet
Current Clients,ILLINOIS,Champaign,Newcomb
Current Clients,ILLINOIS,Champaign,Ogden
Current Clients,ILLINOIS,Champaign,Pesotum
Current Clients,ILLINOIS,Champaign,Philo
Current Clients,ILLINOIS,Champaign,Rantoul
Current Clients,ILLINOIS,Champaign,Raymond
Current Clients,ILLINOIS,Champaign,Sadorus
Current Clients,ILLINOIS,Champaign,Scott
Current Clients,ILLINOIS,Champaign,Sidney
Current Clients,ILLINOIS,Champaign,Somer
Current Clients,ILLINOIS,Champaign,Stanton
Current Clients,ILLINOIS,Champaign,Tolono
Current Clients,ILLINOIS,Champaign,Urbana
Current Clients,ILLINOIS,Peoria,Akron
Current Clients,ILLINOIS,Peoria,Brimfield
Current Clients,ILLINOIS,Peoria,Chillicothe
Current Clients,ILLINOIS,Peoria,Elmwood
Current Clients,ILLINOIS,Peoria,Hallock
Current Clients,ILLINOIS,Peoria,Hollis
Current Clients,ILLINOIS,Peoria,Jubilee
Current Clients,ILLINOIS,Peoria,Kickapoo
Current Clients,ILLINOIS,Peoria,Limestone
Current Clients,ILLINOIS,Peoria,Logan
Current Clients,ILLINOIS,Peoria,Medina
Current Clients,ILLINOIS,Peoria,Millbrook
Current Clients,ILLINOIS,Peoria,Princeville
Current Clients,ILLINOIS,Peoria,Radnor
Current Clients,ILLINOIS,Peoria,Richwoods
Current Clients,ILLINOIS,Peoria,Rosefield
Current Clients,ILLINOIS,Peoria,Timber
Current Clients,ILLINOIS,McLean,Allin
Current Clients,ILLINOIS,McLean,Anchor
Current Clients,ILLINOIS,McLean,Arrowsmith
Current Clients,ILLINOIS,McLean,Bellflower
Current Clients,ILLINOIS,McLean,Bloomington
Current Clients,ILLINOIS,McLean,Blue Mound
Current Clients,ILLINOIS,McLean,Cheney's Grove
Current Clients,ILLINOIS,McLean,Dale
Current Clients,ILLINOIS,McLean,Dawson
Current Clients,ILLINOIS,McLean,Downs
Current Clients,ILLINOIS,McLean,Dry Grove
Current Clients,ILLINOIS,McLean,Empire
Current Clients,ILLINOIS,McLean,Gridley
Current Clients,ILLINOIS,McLean,Hudson
Current Clients,ILLINOIS,McLean,Lawndale
Current Clients,ILLINOIS,McLean,Martin
Current Clients,ILLINOIS,McLean,Money Creek
Current Clients,ILLINOIS,McLean,Mount Hope
Current Clients,ILLINOIS,McLean,Normal
Current Clients,ILLINOIS,McLean,Old Town
Current Clients,ILLINOIS,McLean,Randolph
Current Clients,ILLINOIS,McLean,Towanda
In the Pipeline,ILLINOIS,Winnebago,Burritt
In the Pipeline,ILLINOIS,Winnebago,Cherry Valley
In the Pipeline,ILLINOIS,Winnebago,Durand
In the Pipeline,ILLINOIS,Winnebago,Harlem
In the Pipeline,ILLINOIS,Winnebago,Harrison
In the Pipeline,ILLINOIS,Winnebago,Laona
In the Pipeline,ILLINOIS,Winnebago,Loves Park
In the Pipeline,ILLINOIS,Winnebago,New Milford
In the Pipeline,ILLINOIS,Winnebago,Owen
In the Pipeline,ILLINOIS,Winnebago,Pecatonica
In the Pipeline,ILLINOIS,Winnebago,Rockford
In the Pipeline,ILLINOIS,Winnebago,Rockton
In the Pipeline,ILLINOIS,Winnebago,Roscoe
In the Pipeline,ILLINOIS,Winnebago,Seward
In the Pipeline,ILLINOIS,Winnebago,Shirland
In the Pipeline,ILLINOIS,Macon,Austin
In the Pipeline,ILLINOIS,Macon,Blue Mound
In the Pipeline,ILLINOIS,Macon,Decatur
In the Pipeline,ILLINOIS,Macon,Friends Creek
In the Pipeline,ILLINOIS,Macon,Harristown
In the Pipeline,ILLINOIS,Macon,Illini
In the Pipeline,ILLINOIS,Macon,Long Creek
In the Pipeline,ILLINOIS,Macon,Maroa
In the Pipeline,ILLINOIS,Macon,Mt. Zion
In the Pipeline,ILLINOIS,Macon,Niantic
In the Pipeline,ILLINOIS,Macon,Oakley
In the Pipeline,ILLINOIS,Macon,Pleasant View
In the Pipeline,ILLINOIS,Macon,South Macon
In the Pipeline,ILLINOIS,Macon,Whitmore
In the Pipeline,ILLINOIS,Madison,Alhambra
In the Pipeline,ILLINOIS,Madison,Alton
In the Pipeline,ILLINOIS,Madison,Collinsville
In the Pipeline,ILLINOIS,Madison,Edwardsville
In the Pipeline,ILLINOIS,Madison,Fort Russell
In the Pipeline,ILLINOIS,Madison,Foster
In the Pipeline,ILLINOIS,Madison,Godfrey
In the Pipeline,ILLINOIS,Madison,Hamel
In the Pipeline,ILLINOIS,Madison,Helvetia
In the Pipeline,ILLINOIS,Madison,Jarvis
In the Pipeline,ILLINOIS,Madison,Leef
In the Pipeline,ILLINOIS,Madison,Marine
In the Pipeline,ILLINOIS,Madison,Moro
In the Pipeline,ILLINOIS,Madison,New Douglas
In the Pipeline,ILLINOIS,Madison,Olive
In the Pipeline,ILLINOIS,Madison,Pin Oak
In the Pipeline,ILLINOIS,Madison,Saline
In the Pipeline,ILLINOIS,Madison,St. Jacob
In the Pipeline,ILLINOIS,Madison,Venice
In the Pipeline,ILLINOIS,Madison,Wood River
In the Pipeline,ILLINOIS,Madison,Worden
In the Pipeline,ILLINOIS,Boone,Belvidere
In the Pipeline,ILLINOIS,Boone,Bonus
In the Pipeline,ILLINOIS,Boone,Flora
In the Pipeline,ILLINOIS,Boone,LeRoy
In the Pipeline,ILLINOIS,Boone,Manchester
In the Pipeline,ILLINOIS,Boone,Poplar Grove
In the Pipeline,ILLINOIS,Boone,Spring
In the Pipeline,ILLINOIS,Boone,Sumner
In the Pipeline,ILLINOIS,La Salle,Adams
In the Pipeline,ILLINOIS,La Salle,Allen
In the Pipeline,ILLINOIS,La Salle,Brookfield
In the Pipeline,ILLINOIS,La Salle,Bruce
In the Pipeline,ILLINOIS,La Salle,Dayton
In the Pipeline,ILLINOIS,La Salle,Deer Park
In the Pipeline,ILLINOIS,La Salle,Dimmick
In the Pipeline,ILLINOIS,La Salle,Eagle
In the Pipeline,ILLINOIS,La Salle,Earl
In the Pipeline,ILLINOIS,La Salle,Eden
In the Pipeline,ILLINOIS,La Salle,Fall River
In the Pipeline,ILLINOIS,La Salle,Farm Ridge
In the Pipeline,ILLINOIS,La Salle,Freedom
In the Pipeline,ILLINOIS,La Salle,Grand Rapids
In the Pipeline,ILLINOIS,La Salle,Groveland
In the Pipeline,ILLINOIS,La Salle,Hope
In the Pipeline,ILLINOIS,La Salle,LaSalle
In the Pipeline,ILLINOIS,La Salle,Manlius
In the Pipeline,ILLINOIS,La Salle,Mendota
In the Pipeline,ILLINOIS,La Salle,Meriden
In the Pipeline,ILLINOIS,La Salle,Miller
In the Pipeline,ILLINOIS,La Salle,Mission
In the Pipeline,ILLINOIS,La Salle,Northville
In the Pipeline,ILLINOIS,La Salle,Ophir
In the Pipeline,ILLINOIS,La Salle,Osage
In the Pipeline,ILLINOIS,La Salle,Ottawa
In the Pipeline,ILLINOIS,La Salle,Otter Creek
In the Pipeline,ILLINOIS,La Salle,Peru
In the Pipeline,ILLINOIS,La Salle,Richland
In the Pipeline,ILLINOIS,La Salle,Rutland
In the Pipeline,ILLINOIS,La Salle,Serena
In the Pipeline,ILLINOIS,La Salle,South Ottawa
In the Pipeline,ILLINOIS,La Salle,Troy Grove
In the Pipeline,ILLINOIS,La Salle,Utica
In the Pipeline,ILLINOIS,La Salle,Vermilion
In the Pipeline,ILLINOIS,La Salle,Waltham
In the Pipeline,ILLINOIS,La Salle,Wenona
In the Pipeline,ILLINOIS,La Salle,Waltham
In the Pipeline,ILLINOIS,La Salle,Western
In the Pipeline,ILLINOIS,La Salle,Whitney
In the Pipeline,ILLINOIS,Tazewell,Cincinnati
In the Pipeline,ILLINOIS,Tazewell,Deer Creek
In the Pipeline,ILLINOIS,Tazewell,Delavan
In the Pipeline,ILLINOIS,Tazewell,Dillon
In the Pipeline,ILLINOIS,Tazewell,Elm Grove
In the Pipeline,ILLINOIS,Tazewell,Fondulac
In the Pipeline,ILLINOIS,Tazewell,Hittle
In the Pipeline,ILLINOIS,Tazewell,Little Mackinaw
In the Pipeline,ILLINOIS,Tazewell,Mackinaw
In the Pipeline,ILLINOIS,Tazewell,Malone
In the Pipeline,ILLINOIS,Tazewell,Morton
In the Pipeline,ILLINOIS,Tazewell,Pekin
In the Pipeline,ILLINOIS,Tazewell,Sand Prairie
In the Pipeline,ILLINOIS,Tazewell,Spring Lake
In the Pipeline,ILLINOIS,Tazewell,Tremont
In the Pipeline,ILLINOIS,Sangamon,Auburn
In the Pipeline,ILLINOIS,Sangamon,Ball
In the Pipeline,ILLINOIS,Sangamon,Berlin
In the Pipeline,ILLINOIS,Sangamon,Buffalo Hart
In the Pipeline,ILLINOIS,Sangamon,Capital
In the Pipeline,ILLINOIS,Sangamon,Cartwright
In the Pipeline,ILLINOIS,Sangamon,Chatham
In the Pipeline,ILLINOIS,Sangamon,Clear Lake
In the Pipeline,ILLINOIS,Sangamon,Cotton Hill
In the Pipeline,ILLINOIS,Sangamon,Curran
In the Pipeline,ILLINOIS,Sangamon,Divernon
In the Pipeline,ILLINOIS,Sangamon,Fancy Creek
In the Pipeline,ILLINOIS,Sangamon,Gardner
In the Pipeline,ILLINOIS,Sangamon,Lanesville
In the Pipeline,ILLINOIS,Sangamon,Loami
In the Pipeline,ILLINOIS,Sangamon,Maxwell
In the Pipeline,ILLINOIS,Sangamon,Mechanicsburg
In the Pipeline,ILLINOIS,Sangamon,New Berlin
In the Pipeline,ILLINOIS,Sangamon,Pawnee
In the Pipeline,ILLINOIS,Sangamon,Rochester
In the Pipeline,ILLINOIS,Sangamon,Salisbury
In the Pipeline,ILLINOIS,Sangamon,Talkington
In the Pipeline,ILLINOIS,Sangamon,Williams
In the Pipeline,ILLINOIS,Rock Island,Andalusia
In the Pipeline,ILLINOIS,Rock Island,Black Hawk
In the Pipeline,ILLINOIS,Rock Island,Bowling
In the Pipeline,ILLINOIS,Rock Island,Buffalo Prairie
In the Pipeline,ILLINOIS,Rock Island,Canoe Creek
In the Pipeline,ILLINOIS,Rock Island,Coal Valley
In the Pipeline,ILLINOIS,Rock Island,Coe
In the Pipeline,ILLINOIS,Rock Island,Cordova
In the Pipeline,ILLINOIS,Rock Island,Drury
In the Pipeline,ILLINOIS,Rock Island,Edgington
In the Pipeline,ILLINOIS,Rock Island,Hampton
In the Pipeline,ILLINOIS,Rock Island,Moline
In the Pipeline,ILLINOIS,Rock Island,Port Byron
In the Pipeline,ILLINOIS,Rock Island,Rural
In the Pipeline,ILLINOIS,Rock Island,South Moline
In the Pipeline,ILLINOIS,Rock Island,South Rock Island
In the Pipeline,ILLINOIS,Rock Island,Zuma
In the Pipeline,ILLINOIS,Kendall,Bristol
In the Pipeline,ILLINOIS,Kendall,Fox
In the Pipeline,ILLINOIS,Kendall,Kendall
In the Pipeline,ILLINOIS,Kendall,Lisbon
In the Pipeline,ILLINOIS,Kendall,Little Rock
In the Pipeline,ILLINOIS,Kendall,NaAuSay
In the Pipeline,ILLINOIS,Kendall,Oswego
In the Pipeline,ILLINOIS,Kendall,Seward
In the Pipeline,ILLINOIS,Kendall,Big Grove
In the Pipeline,ILLINOIS,Kendall,Newark
In the Pipeline,ILLINOIS,Kendall,Oswego
In the Pipeline,ILLINOIS,Kendall,Bristol
In the Pipeline,ILLINOIS,Kendall,Fox
In the Pipeline,ILLINOIS,Kendall,Kendall
In the Pipeline,ILLINOIS,Kendall,Lisbon
In the Pipeline,ILLINOIS,Kendall,Little Rock
In the Pipeline,ILLINOIS,Kendall,NaAuSay
In the Pipeline,ILLINOIS,Kendall,Oswego
In the Pipeline,ILLINOIS,Kendall,Seward
In the Pipeline,ILLINOIS,Kendall,Fox
In the Pipeline,ILLINOIS,Knox,Cedar
In the Pipeline,ILLINOIS,Knox,Chestnut
In the Pipeline,ILLINOIS,Knox,Copley
In the Pipeline,ILLINOIS,Knox,Elba
In the Pipeline,ILLINOIS,Knox,Galesburg
In the Pipeline,ILLINOIS,Knox,Galesburg City
In the Pipeline,ILLINOIS,Knox,Haw Creek
In the Pipeline,ILLINOIS,Knox,Henderson
In the Pipeline,ILLINOIS,Knox,Indian Point
In the Pipeline,ILLINOIS,Knox,Knox
In the Pipeline,ILLINOIS,Knox,Lynn
In the Pipeline,ILLINOIS,Knox,Maquon
In the Pipeline,ILLINOIS,Knox,Ontario
In the Pipeline,ILLINOIS,Knox,Orange
In the Pipeline,ILLINOIS,Knox,Persifer
In the Pipeline,ILLINOIS,Knox,Rio
In the Pipeline,ILLINOIS,Knox,Salem
In the Pipeline,ILLINOIS,Knox,Sparta
In the Pipeline,ILLINOIS,Knox,Truro
In the Pipeline,ILLINOIS,Knox,Victoria
In the Pipeline,ILLINOIS,Knox,Walnut Grove
In the Pipeline,ILLINOIS,Knox,Yates City
In the Pipeline,ILLINOIS,Whiteside,Albany
In the Pipeline,ILLINOIS,Whiteside,Clyde
In the Pipeline,ILLINOIS,Whiteside,Coloma
In the Pipeline,ILLINOIS,Whiteside,Erie
In the Pipeline,ILLINOIS,Whiteside,Fairfield
In the Pipeline,ILLINOIS,Whiteside,Fenton
In the Pipeline,ILLINOIS,Whiteside,Fulton
In the Pipeline,ILLINOIS,Whiteside,Garden Plain
In the Pipeline,ILLINOIS,Whiteside,Genesee
In the Pipeline,ILLINOIS,Whiteside,Hahnaman
In the Pipeline,ILLINOIS,Whiteside,Hopkins
In the Pipeline,ILLINOIS,Whiteside,Hume
In the Pipeline,ILLINOIS,Whiteside,Jordan
In the Pipeline,ILLINOIS,Whiteside,Montmorency
In the Pipeline,ILLINOIS,Whiteside,Morrison
In the Pipeline,ILLINOIS,Whiteside,Newton
In the Pipeline,ILLINOIS,Whiteside,Prophetstown
,ILLINOIS,CHICAGO,Chicago City Ward 1
,ILLINOIS,CHICAGO,Chicago City Ward 2
,ILLINOIS,CHICAGO,Chicago City Ward 3
,ILLINOIS,CHICAGO,Chicago City Ward 4
,ILLINOIS,CHICAGO,Chicago City Ward 5
,ILLINOIS,CHICAGO,Chicago City Ward 6
,ILLINOIS,CHICAGO,Chicago City Ward 7
,ILLINOIS,CHICAGO,Chicago City Ward 8
,ILLINOIS,CHICAGO,Chicago City Ward 9
,ILLINOIS,CHICAGO,Chicago City Ward 10
,ILLINOIS,CHICAGO,Chicago City Ward 11
,ILLINOIS,CHICAGO,Chicago City Ward 12
,ILLINOIS,CHICAGO,Chicago City Ward 13
,ILLINOIS,CHICAGO,Chicago City Ward 14
,ILLINOIS,CHICAGO,Chicago City Ward 15
,ILLINOIS,CHICAGO,Chicago City Ward 16
,ILLINOIS,CHICAGO,Chicago City Ward 17
,ILLINOIS,CHICAGO,Chicago City Ward 18
,ILLINOIS,CHICAGO,Chicago City Ward 19
,ILLINOIS,CHICAGO,Chicago City Ward 20
,ILLINOIS,CHICAGO,Chicago City Ward 21
,ILLINOIS,CHICAGO,Chicago City Ward 22
,ILLINOIS,CHICAGO,Chicago City Ward 23
,ILLINOIS,CHICAGO,Chicago City Ward 24
,ILLINOIS,CHICAGO,Chicago City Ward 25
,ILLINOIS,CHICAGO,Chicago City Ward 26
,ILLINOIS,CHICAGO,Chicago City Ward 27
,ILLINOIS,CHICAGO,Chicago City Ward 28
,ILLINOIS,CHICAGO,Chicago City Ward 29
,ILLINOIS,CHICAGO,Chicago City Ward 30
,ILLINOIS,CHICAGO,Chicago City Ward 31
,ILLINOIS,CHICAGO,Chicago City Ward 32
,ILLINOIS,CHICAGO,Chicago City Ward 33
,ILLINOIS,CHICAGO,Chicago City Ward 34
,ILLINOIS,CHICAGO,Chicago City Ward 35
,ILLINOIS,CHICAGO,Chicago City Ward 36
,ILLINOIS,CHICAGO,Chicago City Ward 37
,ILLINOIS,CHICAGO,Chicago City Ward 38
,ILLINOIS,CHICAGO,Chicago City Ward 39
,ILLINOIS,CHICAGO,Chicago City Ward 40
,ILLINOIS,CHICAGO,Chicago City Ward 41
,ILLINOIS,CHICAGO,Chicago City Ward 42
,ILLINOIS,CHICAGO,Chicago City Ward 43
,ILLINOIS,CHICAGO,Chicago City Ward 44
,ILLINOIS,CHICAGO,Chicago City Ward 45
,ILLINOIS,CHICAGO,Chicago City Ward 46
,ILLINOIS,CHICAGO,Chicago City Ward 47
,ILLINOIS,CHICAGO,Chicago City Ward 48
,ILLINOIS,CHICAGO,Chicago City Ward 49
,ILLINOIS,CHICAGO,Chicago City Ward 50
In the Pipeline,ILLINOIS,Cook,Maine
Current Clients,ILLINOIS,Ogle,Marion
Current Clients,ILLINOIS,Ogle,Maryland
Current Clients,ILLINOIS,Ogle,Rockvale
Current Clients,ILLINOIS,Ogle,White Rock
Current Clients,ILLINOIS,Champaign,Compromise
Current Clients,ILLINOIS,Champaign,Condit
Current Clients,ILLINOIS,Champaign,Crittenden
Current Clients,ILLINOIS,Champaign,Ludlow
Current Clients,ILLINOIS,Champaign,Newcomb
Current Clients,ILLINOIS,Champaign,Raymond
Current Clients,ILLINOIS,Champaign,Somer
Current Clients,ILLINOIS,Champaign,Stanton
Current Clients,ILLINOIS,Peoria,Akron
Current Clients,ILLINOIS,Peoria,Elmwood
Current Clients,ILLINOIS,Peoria,Hallock
Current Clients,ILLINOIS,Peoria,Hollis
Current Clients,ILLINOIS,Peoria,Jubilee
Current Clients,ILLINOIS,Peoria,Medina
Current Clients,ILLINOIS,Peoria,Millbrook
Current Clients,ILLINOIS,Peoria,Princeville
Current Clients,ILLINOIS,Peoria,Radnor
Current Clients,ILLINOIS,Peoria,Richwoods
Current Clients,ILLINOIS,Peoria,Rosefield
Current Clients,ILLINOIS,Peoria,Timber
Current Clients,ILLINOIS,McLean,Cheney's Grove
Current Clients,ILLINOIS,McLean,Dale
Current Clients,ILLINOIS,McLean,Martin
Current Clients,ILLINOIS,McLean,Money Creek
Current Clients,ILLINOIS,McLean,Old Town
Current Clients,ILLINOIS,McLean,Randolph
In the Pipeline,ILLINOIS,Winnebago,Harrison
In the Pipeline,ILLINOIS,Winnebago,Laona
In the Pipeline,ILLINOIS,Winnebago,Loves Park
In the Pipeline,ILLINOIS,Winnebago,New Milford
In the Pipeline,ILLINOIS,Winnebago,Owen
In the Pipeline,ILLINOIS,Winnebago,Shirland
In the Pipeline,ILLINOIS,Macon,Austin
In the Pipeline,ILLINOIS,Macon,Friends Creek
In the Pipeline,ILLINOIS,Macon,Long Creek
In the Pipeline,ILLINOIS,Macon,Oakley
In the Pipeline,ILLINOIS,Macon,Pleasant View
In the Pipeline,ILLINOIS,Macon,South Macon
In the Pipeline,ILLINOIS,Sangamon,Ball
In the Pipeline,ILLINOIS,Sangamon,Buffalo Hart
In the Pipeline,ILLINOIS,Sangamon,Capital
In the Pipeline,ILLINOIS,Sangamon,Clear Lake
In the Pipeline,ILLINOIS,Sangamon,Cotton Hill
In the Pipeline,ILLINOIS,Sangamon,Divernon
In the Pipeline,ILLINOIS,Sangamon,Fancy Creek
In the Pipeline,ILLINOIS,Sangamon,Lanesville
In the Pipeline,ILLINOIS,Sangamon,Loami
In the Pipeline,ILLINOIS,Sangamon,Maxwell
In the Pipeline,ILLINOIS,Sangamon,Mechanicsburg
In the Pipeline,ILLINOIS,Sangamon,Salisbury
In the Pipeline,ILLINOIS,Sangamon,Talkington
In the Pipeline,ILLINOIS,Sangamon,Williams
In the Pipeline,ILLINOIS,Kendall,Big Grove
In the Pipeline,ILLINOIS,Kendall,Fox
In the Pipeline,ILLINOIS,Kendall,Lisbon
In the Pipeline,ILLINOIS,Kendall,Little Rock
In the Pipeline,ILLINOIS,Kendall,NaAuSay
In the Pipeline,ILLINOIS,Kendall,Seward
In the Pipeline,ILLINOIS,Knox,Galesburg City
In the Pipeline,ILLINOIS,Whiteside,Hopkins
In the Pipeline,ILLINOIS,Whiteside,Hume