Label,State,County,Township,CountyFIPS
In the Pipeline,ILLINOIS,DuPage,Addison,17043
In the Pipeline,ILLINOIS,McHenry,Algonquin,17111
Current Clients,ILLINOIS,Cook,Barrington,17031
Current Clients,ILLINOIS,DuPage,Downers Grove,17043
In the Pipeline,ILLINOIS,Kane,Dundee,17089
In the Pipeline,ILLINOIS,Cook,Elk Grove,17031
Current Clients,ILLINOIS,Kane,Geneva,17089
Current Clients,ILLINOIS,Cook,Hanover,17031
In the Pipeline,ILLINOIS,DuPage,Lisle,17043
In the Pipeline,ILLINOIS,DuPage,Naperville,17043
In the Pipeline,ILLINOIS,Cook,Niles,17031
Current Clients,ILLINOIS,Cook,Northfield,17031
In the Pipeline,ILLINOIS,McHenry,Nunda,17111
Current Clients,ILLINOIS,Cook,Palatine,17031
Current Clients,ILLINOIS,Cook,Schaumburg,17031
Current Clients,ILLINOIS,Lake,Shields,17097
In the Pipeline,ILLINOIS,Kane,St Charles,17089
In the Pipeline,ILLINOIS,Will,Troy,17197
Current Clients,ILLINOIS,Lake,Vernon,17097
Current Clients,ILLINOIS,DuPage,Wayne,17043
In the Pipeline,ILLINOIS,Lake,West Deerfield,17097
Current Clients,ILLINOIS,Cook,Wheeling,17031
Current Clients,ILLINOIS,DuPage,York,17043
Current Clients,ILLINOIS,Ogle,Buffalo,17141
Current Clients,ILLINOIS,Ogle,Byron,17141
Current Clients,ILLINOIS,Ogle,Dement,17141
Current Clients,ILLINOIS,Ogle,Eagle Point,17141
Current Clients,ILLINOIS,Ogle,Flagg,17141
Current Clients,ILLINOIS,Ogle,Forreston,17141
Current Clients,ILLINOIS,Ogle,Lafayette,17141
Current Clients,ILLINOIS,Ogle,Leaf River,17141
Current Clients,ILLINOIS,Ogle,Lynnville,17141
Current Clients,ILLINOIS,Ogle,Marion,17141
Current Clients,ILLINOIS,Ogle,Maryland,17141
Current Clients,ILLINOIS,Ogle,Monroe,17141
Current Clients,ILLINOIS,Ogle,Mount Morris,17141
Current Clients,ILLINOIS,Ogle,Pine Creek,17141
Current Clients,ILLINOIS,Ogle,Rochelle,17141
Current Clients,ILLINOIS,Ogle,Rockvale,17141
Current Clients,ILLINOIS,Ogle,Scott,17141
Current Clients,ILLINOIS,Ogle,Pine Creek,17141
Current Clients,ILLINOIS,Ogle,White Rock,17141
Current Clients,ILLINOIS,Champaign,Brown,17019
Current Clients,ILLINOIS,Champaign,Champaign,17019
Current Clients,ILLINOIS,Champaign,Colfax,17019
Current Clients,ILLINOIS,Champaign,Compromise,17019
Current Clients,ILLINOIS,Champaign,Condit,17019
Current Clients,ILLINOIS,Champaign,Crittenden,17019
Current Clients,ILLINOIS,Champaign,Ludlow,17019
Current Clients,ILLINOIS,Champaign,Mahomet,17019
Current Clients,ILLINOIS,Champaign,Newcomb,17019
Current Clients,ILLINOIS,Champaign,Ogden,17019
Current Clients,ILLINOIS,Champaign,Pesotum,17019
Current Clients,ILLINOIS,Champaign,Philo,17019
Current Clients,ILLINOIS,Champaign,Rantoul,17019
Current Clients,ILLINOIS,Champaign,Raymond,17019
Current Clients,ILLINOIS,Champaign,Sadorus,17019
Current Clients,ILLINOIS,Champaign,Scott,17019
Current Clients,ILLINOIS,Champaign,Sidney,17019
Current Clients,ILLINOIS,Champaign,Somer,17019
Current Clients,ILLINOIS,Champaign,Stanton,17019
Current Clients,ILLINOIS,Champaign,Tolono,17019
Current Clients,ILLINOIS,Champaign,Urbana,17019
Current Clients,ILLINOIS,Peoria,Akron,17143
Current Clients,ILLINOIS,Peoria,Brimfield,17143
Current Clients,ILLINOIS,Peoria,Chillicothe,17143
Current Clients,ILLINOIS,Peoria,Elmwood,17143
Current Clients,ILLINOIS,Peoria,Hallock,17143
Current Clients,ILLINOIS,Peoria,Hollis,17143
Current Clients,ILLINOIS,Peoria,Jubilee,17143
Current Clients,ILLINOIS,Peoria,Kickapoo,17143
Current Clients,ILLINOIS,Peoria,Limestone,17143
Current Clients,ILLINOIS,Peoria,Logan,17143
Current Clients,ILLINOIS,Peoria,Medina,17143
Current Clients,ILLINOIS,Peoria,Millbrook,17143
Current Clients,ILLINOIS,Peoria,Princeville,17143
Current Clients,ILLINOIS,Peoria,Radnor,17143
Current Clients,ILLINOIS,Peoria,Richwoods,17143
Current Clients,ILLINOIS,Peoria,Rosefield,17143
Current Clients,ILLINOIS,Peoria,Timber,17143
Current Clients,ILLINOIS,McLean,Allin,17113
Current Clients,ILLINOIS,McLean,Anchor,17113
Current Clients,ILLINOIS,McLean,Arrowsmith,17113
Current Clients,ILLINOIS,McLean,Bellflower,17113
Current Clients,ILLINOIS,McLean,Bloomington,17113
Current Clients,ILLINOIS,McLean,Blue Mound,17113
Current Clients,ILLINOIS,McLean,Cheney's Grove,17113
Current Clients,ILLINOIS,McLean,Dale,17113
Current Clients,ILLINOIS,McLean,Dawson,17113
Current Clients,ILLINOIS,McLean,Downs,17113
Current Clients,ILLINOIS,McLean,Dry Grove,17113
Current Clients,ILLINOIS,McLean,Empire,17113
Current Clients,ILLINOIS,McLean,Gridley,17113
Current Clients,ILLINOIS,McLean,Hudson,17113
Current Clients,ILLINOIS,McLean,Lawndale,17113
Current Clients,ILLINOIS,McLean,Martin,17113
Current Clients,ILLINOIS,McLean,Money Creek,17113
Current Clients,ILLINOIS,McLean,Mount Hope,17113
Current Clients,ILLINOIS,McLean,Normal,17113
Current Clients,ILLINOIS,McLean,Old Town,17113
Current Clients,ILLINOIS,McLean,Randolph,17113
Current Clients,ILLINOIS,McLean,Towanda,17113
In the Pipeline,ILLINOIS,Winnebago,Burritt,17201
In the Pipeline,ILLINOIS,Winnebago,Cherry Valley,17201
In the Pipeline,ILLINOIS,Winnebago,Durand,17201
In the Pipeline,ILLINOIS,Winnebago,Harlem,17201
In the Pipeline,ILLINOIS,Winnebago,Harrison,17201
In the Pipeline,ILLINOIS,Winnebago,Laona,17201
In the Pipeline,ILLINOIS,Winnebago,Loves Park,17201
In the Pipeline,ILLINOIS,Winnebago,New Milford,17201
In the Pipeline,ILLINOIS,Winnebago,Owen,17201
In the Pipeline,ILLINOIS,Winnebago,Pecatonica,17201
In the Pipeline,ILLINOIS,Winnebago,Rockford,17201
In the Pipeline,ILLINOIS,Winnebago,Rockton,17201
In the Pipeline,ILLINOIS,Winnebago,Roscoe,17201
In the Pipeline,ILLINOIS,Winnebago,Seward,17201
In the Pipeline,ILLINOIS,Winnebago,Shirland,17201
In the Pipeline,ILLINOIS,Macon,Austin,17115
In the Pipeline,ILLINOIS,Macon,Blue Mound,17115
In the Pipeline,ILLINOIS,Macon,Decatur,17115
In the Pipeline,ILLINOIS,Macon,Friends Creek,17115
In the Pipeline,ILLINOIS,Macon,Harristown,17115
In the Pipeline,ILLINOIS,Macon,Illini,17115
In the Pipeline,ILLINOIS,Macon,Long Creek,17115
In the Pipeline,ILLINOIS,Macon,Maroa,17115
In the Pipeline,ILLINOIS,Macon,Mt. Zion,17115
In the Pipeline,ILLINOIS,Macon,Niantic,17115
In the Pipeline,ILLINOIS,Macon,Oakley,17115
In the Pipeline,ILLINOIS,Macon,Pleasant View,17115
In the Pipeline,ILLINOIS,Macon,South Macon,17115
In the Pipeline,ILLINOIS,Macon,Whitmore,17115
In the Pipeline,ILLINOIS,Madison,Alhambra,17119
In the Pipeline,ILLINOIS,Madison,Alton,17119
In the Pipeline,ILLINOIS,Madison,Collinsville,17119
In the Pipeline,ILLINOIS,Madison,Edwardsville,17119
In the Pipeline,ILLINOIS,Madison,Fort Russell,17119
In the Pipeline,ILLINOIS,Madison,Foster,17119
In the Pipeline,ILLINOIS,Madison,Godfrey,17119
In the Pipeline,ILLINOIS,Madison,Hamel,17119
In the Pipeline,ILLINOIS,Madison,Helvetia,17119
In the Pipeline,ILLINOIS,Madison,Jarvis,17119
In the Pipeline,ILLINOIS,Madison,Leef,17119
In the Pipeline,ILLINOIS,Madison,Marine,17119
In the Pipeline,ILLINOIS,Madison,Moro,17119
In the Pipeline,ILLINOIS,Madison,New Douglas,17119
In the Pipeline,ILLINOIS,Madison,Olive,17119
In the Pipeline,ILLINOIS,Madison,Pin Oak,17119
In the Pipeline,ILLINOIS,Madison,Saline,17119
In the Pipeline,ILLINOIS,Madison,St. Jacob,17119
In the Pipeline,ILLINOIS,Madison,Venice,17119
In the Pipeline,ILLINOIS,Madison,Wood River,17119
In the Pipeline,ILLINOIS,Madison,Worden,17119
In the Pipeline,ILLINOIS,Boone,Belvidere,17007
In the Pipeline,ILLINOIS,Boone,Bonus,17007
In the Pipeline,ILLINOIS,Boone,Flora,17007
In the Pipeline,ILLINOIS,Boone,LeRoy,17007
In the Pipeline,ILLINOIS,Boone,Manchester,17007
In the Pipeline,ILLINOIS,Boone,Poplar Grove,17007
In the Pipeline,ILLINOIS,Boone,Spring,17007
In the Pipeline,ILLINOIS,Boone,Sumner,17007
In the Pipeline,ILLINOIS,LaSalle,Adams,None
In the Pipeline,ILLINOIS,LaSalle,Allen,None
In the Pipeline,ILLINOIS,LaSalle,Brookfield,None
In the Pipeline,ILLINOIS,LaSalle,Bruce,None
In the Pipeline,ILLINOIS,LaSalle,Dayton,None
In the Pipeline,ILLINOIS,LaSalle,Deer Park,None
In the Pipeline,ILLINOIS,LaSalle,Dimmick,None
In the Pipeline,ILLINOIS,LaSalle,Eagle,None
In the Pipeline,ILLINOIS,LaSalle,Earl,None
In the Pipeline,ILLINOIS,LaSalle,Eden,None
In the Pipeline,ILLINOIS,LaSalle,Fall River,None
In the Pipeline,ILLINOIS,LaSalle,Farm Ridge,None
In the Pipeline,ILLINOIS,LaSalle,Freedom,None
In the Pipeline,ILLINOIS,LaSalle,Grand Rapids,None
In the Pipeline,ILLINOIS,LaSalle,Groveland,None
In the Pipeline,ILLINOIS,LaSalle,Hope,None
In the Pipeline,ILLINOIS,LaSalle,LaSalle,None
In the Pipeline,ILLINOIS,LaSalle,Manlius,None
In the Pipeline,ILLINOIS,LaSalle,Mendota,None
In the Pipeline,ILLINOIS,LaSalle,Meriden,None
In the Pipeline,ILLINOIS,LaSalle,Miller,None
In the Pipeline,ILLINOIS,LaSalle,Mission,None
In the Pipeline,ILLINOIS,LaSalle,Northville,None
In the Pipeline,ILLINOIS,LaSalle,Ophir,None
In the Pipeline,ILLINOIS,LaSalle,Osage,None
In the Pipeline,ILLINOIS,LaSalle,Ottawa,None
In the Pipeline,ILLINOIS,LaSalle,Otter Creek,None
In the Pipeline,ILLINOIS,LaSalle,Peru,None
In the Pipeline,ILLINOIS,LaSalle,Richland,None
In the Pipeline,ILLINOIS,LaSalle,Rutland,None
In the Pipeline,ILLINOIS,LaSalle,Serena,None
In the Pipeline,ILLINOIS,LaSalle,South Ottawa,None
In the Pipeline,ILLINOIS,LaSalle,Troy Grove,None
In the Pipeline,ILLINOIS,LaSalle,Utica,None
In the Pipeline,ILLINOIS,LaSalle,Vermilion,None
In the Pipeline,ILLINOIS,LaSalle,Waltham,None
In the Pipeline,ILLINOIS,LaSalle,Wenona,None
In the Pipeline,ILLINOIS,LaSalle,Waltham,None
In the Pipeline,ILLINOIS,LaSalle,Western,None
In the Pipeline,ILLINOIS,LaSalle,Whitney,None
In the Pipeline,ILLINOIS,Tazewell,Cincinnati,17179
In the Pipeline,ILLINOIS,Tazewell,Deer Creek,17179
In the Pipeline,ILLINOIS,Tazewell,Delavan,17179
In the Pipeline,ILLINOIS,Tazewell,Dillon,17179
In the Pipeline,ILLINOIS,Tazewell,Elm Grove,17179
In the Pipeline,ILLINOIS,Tazewell,Fondulac,17179
In the Pipeline,ILLINOIS,Tazewell,Hittle,17179
In the Pipeline,ILLINOIS,Tazewell,Little Mackinaw,17179
In the Pipeline,ILLINOIS,Tazewell,Mackinaw,17179
In the Pipeline,ILLINOIS,Tazewell,Malone,17179
In the Pipeline,ILLINOIS,Tazewell,Morton,17179
In the Pipeline,ILLINOIS,Tazewell,Pekin,17179
In the Pipeline,ILLINOIS,Tazewell,Sand Prairie,17179
In the Pipeline,ILLINOIS,Tazewell,Spring Lake,17179
In the Pipeline,ILLINOIS,Tazewell,Tremont,17179
In the Pipeline,ILLINOIS,Sangamon,Auburn,17167
In the Pipeline,ILLINOIS,Sangamon,Ball,17167
In the Pipeline,ILLINOIS,Sangamon,Berlin,17167
In the Pipeline,ILLINOIS,Sangamon,Buffalo Hart,17167
In the Pipeline,ILLINOIS,Sangamon,Capital,17167
In the Pipeline,ILLINOIS,Sangamon,Cartwright,17167
In the Pipeline,ILLINOIS,Sangamon,Chatham,17167
In the Pipeline,ILLINOIS,Sangamon,Clear Lake,17167
In the Pipeline,ILLINOIS,Sangamon,Cotton Hill,17167
In the Pipeline,ILLINOIS,Sangamon,Curran,17167
In the Pipeline,ILLINOIS,Sangamon,Divernon,17167
In the Pipeline,ILLINOIS,Sangamon,Fancy Creek,17167
In the Pipeline,ILLINOIS,Sangamon,Gardner,17167
In the Pipeline,ILLINOIS,Sangamon,Lanesville,17167
In the Pipeline,ILLINOIS,Sangamon,Loami,17167
In the Pipeline,ILLINOIS,Sangamon,Maxwell,17167
In the Pipeline,ILLINOIS,Sangamon,Mechanicsburg,17167
In the Pipeline,ILLINOIS,Sangamon,New Berlin,17167
In the Pipeline,ILLINOIS,Sangamon,Pawnee,17167
In the Pipeline,ILLINOIS,Sangamon,Rochester,17167
In the Pipeline,ILLINOIS,Sangamon,Salisbury,17167
In the Pipeline,ILLINOIS,Sangamon,Talkington,17167
In the Pipeline,ILLINOIS,Sangamon,Williams,17167
In the Pipeline,ILLINOIS,Rock Island,Andalusia,17161
In the Pipeline,ILLINOIS,Rock Island,Black Hawk,17161
In the Pipeline,ILLINOIS,Rock Island,Bowling,17161
In the Pipeline,ILLINOIS,Rock Island,Buffalo Prairie,17161
In the Pipeline,ILLINOIS,Rock Island,Canoe Creek,17161
In the Pipeline,ILLINOIS,Rock Island,Coal Valley,17161
In the Pipeline,ILLINOIS,Rock Island,Coe,17161
In the Pipeline,ILLINOIS,Rock Island,Cordova,17161
In the Pipeline,ILLINOIS,Rock Island,Drury,17161
In the Pipeline,ILLINOIS,Rock Island,Edgington,17161
In the Pipeline,ILLINOIS,Rock Island,Hampton,17161
In the Pipeline,ILLINOIS,Rock Island,Moline,17161
In the Pipeline,ILLINOIS,Rock Island,Port Byron,17161
In the Pipeline,ILLINOIS,Rock Island,Rural,17161
In the Pipeline,ILLINOIS,Rock Island,South Moline,17161
In the Pipeline,ILLINOIS,Rock Island,South Rock Island,17161
In the Pipeline,ILLINOIS,Rock Island,Zuma,17161
In the Pipeline,ILLINOIS,Kendall,Bristol,17093
In the Pipeline,ILLINOIS,Kendall,Fox,17093
In the Pipeline,ILLINOIS,Kendall,Kendall,17093
In the Pipeline,ILLINOIS,Kendall,Lisbon,17093
In the Pipeline,ILLINOIS,Kendall,Little Rock,17093
In the Pipeline,ILLINOIS,Kendall,NaAuSay,17093
In the Pipeline,ILLINOIS,Kendall,Oswego,17093
In the Pipeline,ILLINOIS,Kendall,Seward,17093
In the Pipeline,ILLINOIS,Kendall,Big Grove,17093
In the Pipeline,ILLINOIS,Kendall,Newark,17093
In the Pipeline,ILLINOIS,Kendall,Oswego,17093
In the Pipeline,ILLINOIS,Kendall,Bristol,17093
In the Pipeline,ILLINOIS,Kendall,Fox,17093
In the Pipeline,ILLINOIS,Kendall,Kendall,17093
In the Pipeline,ILLINOIS,Kendall,Lisbon,17093
In the Pipeline,ILLINOIS,Kendall,Little Rock,17093
In the Pipeline,ILLINOIS,Kendall,NaAuSay,17093
In the Pipeline,ILLINOIS,Kendall,Oswego,17093
In the Pipeline,ILLINOIS,Kendall,Seward,17093
In the Pipeline,ILLINOIS,Kendall,Fox,17093
In the Pipeline,ILLINOIS,Knox,Cedar,17095
In the Pipeline,ILLINOIS,Knox,Chestnut,17095
In the Pipeline,ILLINOIS,Knox,Copley,17095
In the Pipeline,ILLINOIS,Knox,Elba,17095
In the Pipeline,ILLINOIS,Knox,Galesburg,17095
In the Pipeline,ILLINOIS,Knox,Galesburg City,17095
In the Pipeline,ILLINOIS,Knox,Haw Creek,17095
In the Pipeline,ILLINOIS,Knox,Henderson,17095
In the Pipeline,ILLINOIS,Knox,Indian Point,17095
In the Pipeline,ILLINOIS,Knox,Knox,17095
In the Pipeline,ILLINOIS,Knox,Lynn,17095
In the Pipeline,ILLINOIS,Knox,Maquon,17095
In the Pipeline,ILLINOIS,Knox,Ontario,17095
In the Pipeline,ILLINOIS,Knox,Orange,17095
In the Pipeline,ILLINOIS,Knox,Persifer,17095
In the Pipeline,ILLINOIS,Knox,Rio,17095
In the Pipeline,ILLINOIS,Knox,Salem,17095
In the Pipeline,ILLINOIS,Knox,Sparta,17095
In the Pipeline,ILLINOIS,Knox,Truro,17095
In the Pipeline,ILLINOIS,Knox,Victoria,17095
In the Pipeline,ILLINOIS,Knox,Walnut Grove,17095
In the Pipeline,ILLINOIS,Knox,Yates City,17095
In the Pipeline,ILLINOIS,Whiteside,Albany,17195
In the Pipeline,ILLINOIS,Whiteside,Clyde,17195
In the Pipeline,ILLINOIS,Whiteside,Coloma,17195
In the Pipeline,ILLINOIS,Whiteside,Erie,17195
In the Pipeline,ILLINOIS,Whiteside,Fairfield,17195
In the Pipeline,ILLINOIS,Whiteside,Fenton,17195
In the Pipeline,ILLINOIS,Whiteside,Fulton,17195
In the Pipeline,ILLINOIS,Whiteside,Garden Plain,17195
In the Pipeline,ILLINOIS,Whiteside,Genesee,17195
In the Pipeline,ILLINOIS,Whiteside,Hahnaman,17195
In the Pipeline,ILLINOIS,Whiteside,Hopkins,17195
In the Pipeline,ILLINOIS,Whiteside,Hume,17195
In the Pipeline,ILLINOIS,Whiteside,Jordan,17195
In the Pipeline,ILLINOIS,Whiteside,Montmorency,17195
In the Pipeline,ILLINOIS,Whiteside,Morrison,17195
In the Pipeline,ILLINOIS,Whiteside,Newton,17195
In the Pipeline,ILLINOIS,Whiteside,Prophetstown,17195
,ILLINOIS,CHICAGO,Chicago City Ward 1,None
,ILLINOIS,CHICAGO,Chicago City Ward 2,None
,ILLINOIS,CHICAGO,Chicago City Ward 3,None
,ILLINOIS,CHICAGO,Chicago City Ward 4,None
,ILLINOIS,CHICAGO,Chicago City Ward 5,None
,ILLINOIS,CHICAGO,Chicago City Ward 6,None
,ILLINOIS,CHICAGO,Chicago City Ward 7,None
,ILLINOIS,CHICAGO,Chicago City Ward 8,None
,ILLINOIS,CHICAGO,Chicago City Ward 9,None
,ILLINOIS,CHICAGO,Chicago City Ward 10,None
,ILLINOIS,CHICAGO,Chicago City Ward 11,None
,ILLINOIS,CHICAGO,Chicago City Ward 12,None
,ILLINOIS,CHICAGO,Chicago City Ward 13,None
,ILLINOIS,CHICAGO,Chicago City Ward 14,None
,ILLINOIS,CHICAGO,Chicago City Ward 15,None
,ILLINOIS,CHICAGO,Chicago City Ward 16,None
,ILLINOIS,CHICAGO,Chicago City Ward 17,None
,ILLINOIS,CHICAGO,Chicago City Ward 18,None
,ILLINOIS,CHICAGO,Chicago City Ward 19,None
,ILLINOIS,CHICAGO,Chicago City Ward 20,None
,ILLINOIS,CHICAGO,Chicago City Ward 21,None
,ILLINOIS,CHICAGO,Chicago City Ward 22,None
,ILLINOIS,CHICAGO,Chicago City Ward 23,None
,ILLINOIS,CHICAGO,Chicago City Ward 24,None
,ILLINOIS,CHICAGO,Chicago City Ward 25,None
,ILLINOIS,CHICAGO,Chicago City Ward 26,None
,ILLINOIS,CHICAGO,Chicago City Ward 27,None
,ILLINOIS,CHICAGO,Chicago City Ward 28,None
,ILLINOIS,CHICAGO,Chicago City Ward 29,None
,ILLINOIS,CHICAGO,Chicago City Ward 30,None
,ILLINOIS,CHICAGO,Chicago City Ward 31,None
,ILLINOIS,CHICAGO,Chicago City Ward 32,None
,ILLINOIS,CHICAGO,Chicago City Ward 33,None
,ILLINOIS,CHICAGO,Chicago City Ward 34,None
,ILLINOIS,CHICAGO,Chicago City Ward 35,None
,ILLINOIS,CHICAGO,Chicago City Ward 36,None
,ILLINOIS,CHICAGO,Chicago City Ward 37,None
,ILLINOIS,CHICAGO,Chicago City Ward 38,None
,ILLINOIS,CHICAGO,Chicago City Ward 39,None
,ILLINOIS,CHICAGO,Chicago City Ward 40,None
,ILLINOIS,CHICAGO,Chicago City Ward 41,None
,ILLINOIS,CHICAGO,Chicago City Ward 42,None
,ILLINOIS,CHICAGO,Chicago City Ward 43,None
,ILLINOIS,CHICAGO,Chicago City Ward 44,None
,ILLINOIS,CHICAGO,Chicago City Ward 45,None
,ILLINOIS,CHICAGO,Chicago City Ward 46,None
,ILLINOIS,CHICAGO,Chicago City Ward 47,None
,ILLINOIS,CHICAGO,Chicago City Ward 48,None
,ILLINOIS,CHICAGO,Chicago City Ward 49,None
,ILLINOIS,CHICAGO,Chicago City Ward 50,None
